type,name,categoryName,domainType,baseUnit
category,Medicines,,,
category,Injectables,,,
category,Antibiotics,,,
category,Pain,,,
category,Surgical Consumables,,,
category,Sutures,,,
category,Blades,,,
category,Gauze,,,
category,Instruments,,,
category,Scissors,,,
category,Forceps,,,
category,OT Supplies,,,
category,Disposables,,,
item,Albendazole 600 mg Bolus,Medicines,MEDICINE,tab
item,Albendazole Oral Suspension 100 mg/ml,Medicines,MEDICINE,bottle
item,Fenbendazole 150 mg Tablet,Medicines,MEDICINE,tab
item,Fenbendazole 500 mg Bolus,Medicines,MEDICINE,tab
item,Fenbendazole Oral Suspension 25 mg/ml,Medicines,MEDICINE,bottle
item,Mebendazole 100 mg Tablet,Medicines,MEDICINE,tab
item,Pyrantel Pamoate 250 mg Tablet,Medicines,MEDICINE,tab
item,Pyrantel Pamoate Oral Suspension 50 mg/ml,Medicines,MEDICINE,bottle
item,Praziquantel 50 mg Tablet,Medicines,MEDICINE,tab
item,Praziquantel Oral Suspension 25 mg/ml,Medicines,MEDICINE,bottle
item,Levamisole 600 mg Bolus,Medicines,MEDICINE,tab
item,Levamisole Oral Solution 3%,Medicines,MEDICINE,bottle
item,Niclosamide 500 mg Tablet,Medicines,MEDICINE,tab
item,Oxyclozanide Oral Suspension 3.4%,Medicines,MEDICINE,bottle
item,Closantel Oral Suspension 5%,Medicines,MEDICINE,bottle
item,Ivermectin Oral Paste 1.87%,Medicines,MEDICINE,pack
item,Ivermectin Pour-On 0.5%,Medicines,MEDICINE,bottle
item,Moxidectin Oral Gel,Medicines,MEDICINE,pack
item,Milbemycin Oxime 5 mg Tablet,Medicines,MEDICINE,tab
item,Milbemycin Oxime 12.5 mg Tablet,Medicines,MEDICINE,tab
item,Selamectin Spot-On 45 mg,Medicines,MEDICINE,pack
item,Selamectin Spot-On 120 mg,Medicines,MEDICINE,pack
item,Fluralaner Chewable Tablet 112.5 mg,Medicines,MEDICINE,tab
item,Fluralaner Chewable Tablet 250 mg,Medicines,MEDICINE,tab
item,Fluralaner Spot-On 112.5 mg,Medicines,MEDICINE,pack
item,Afoxolaner Chewable Tablet 11.3 mg,Medicines,MEDICINE,tab
item,Afoxolaner Chewable Tablet 28.3 mg,Medicines,MEDICINE,tab
item,Sarolaner Chewable Tablet 5 mg,Medicines,MEDICINE,tab
item,Lotilaner Chewable Tablet 56.25 mg,Medicines,MEDICINE,tab
item,Doramectin Pour-On 0.5%,Medicines,MEDICINE,bottle
item,Triclabendazole Oral Suspension 5%,Medicines,MEDICINE,bottle
item,Rafoxanide Oral Suspension 3%,Medicines,MEDICINE,bottle
item,Omeprazole 20 mg Capsule,Medicines,MEDICINE,cap
item,Omeprazole 40 mg Capsule,Medicines,MEDICINE,cap
item,Pantoprazole 40 mg Tablet,Medicines,MEDICINE,tab
item,Sucralfate 1 g Tablet,Medicines,MEDICINE,tab
item,Sucralfate Oral Suspension,Medicines,MEDICINE,bottle
item,Kaolin Pectin Suspension,Medicines,MEDICINE,bottle
item,Bismuth Subsalicylate Suspension,Medicines,MEDICINE,bottle
item,Loperamide 2 mg Tablet,Medicines,MEDICINE,tab
item,Ondansetron 4 mg Tablet,Medicines,MEDICINE,tab
item,Ondansetron Oral Solution,Medicines,MEDICINE,bottle
item,Domperidone 10 mg Tablet,Medicines,MEDICINE,tab
item,Metoclopramide 10 mg Tablet,Medicines,MEDICINE,tab
item,Lactulose Solution,Medicines,MEDICINE,bottle
item,Psyllium Husk Powder,Medicines,MEDICINE,pack
item,Activated Charcoal Oral Suspension,Medicines,MEDICINE,bottle
item,Probiotic Sachet for Veterinary Use,Medicines,MEDICINE,pack
item,Saccharomyces Boulardii Capsule,Medicines,MEDICINE,cap
item,Digestive Enzyme Powder,Medicines,MEDICINE,pack
item,Oral Rehydration Salt Veterinary Sachet,Medicines,MEDICINE,pack
item,Simethicone Drops,Medicines,MEDICINE,bottle
item,Furosemide 40 mg Tablet,Medicines,MEDICINE,tab
item,Spironolactone 25 mg Tablet,Medicines,MEDICINE,tab
item,Pimobendan 1.25 mg Tablet,Medicines,MEDICINE,tab
item,Pimobendan 5 mg Tablet,Medicines,MEDICINE,tab
item,Enalapril 5 mg Tablet,Medicines,MEDICINE,tab
item,Enalapril 10 mg Tablet,Medicines,MEDICINE,tab
item,Benazepril 5 mg Tablet,Medicines,MEDICINE,tab
item,Amlodipine 5 mg Tablet,Medicines,MEDICINE,tab
item,Atenolol 25 mg Tablet,Medicines,MEDICINE,tab
item,Clopidogrel 75 mg Tablet,Medicines,MEDICINE,tab
item,Theophylline 100 mg Tablet,Medicines,MEDICINE,tab
item,Deriphylline Tablet,Medicines,MEDICINE,tab
item,Salbutamol Syrup,Medicines,MEDICINE,bottle
item,Ambroxol Syrup,Medicines,MEDICINE,bottle
item,Bromhexine Syrup,Medicines,MEDICINE,bottle
item,Cetirizine 10 mg Tablet,Medicines,MEDICINE,tab
item,Chlorpheniramine 4 mg Tablet,Medicines,MEDICINE,tab
item,Diphenhydramine Syrup,Medicines,MEDICINE,bottle
item,Prednisolone 5 mg Tablet,Medicines,MEDICINE,tab
item,Prednisolone 20 mg Tablet,Medicines,MEDICINE,tab
item,Thyroxine 100 mcg Tablet,Medicines,MEDICINE,tab
item,Thyroxine 200 mcg Tablet,Medicines,MEDICINE,tab
item,Methimazole 5 mg Tablet,Medicines,MEDICINE,tab
item,Cabergoline 0.5 mg Tablet,Medicines,MEDICINE,tab
item,Bromocriptine 2.5 mg Tablet,Medicines,MEDICINE,tab
item,Megestrol Acetate Tablet,Medicines,MEDICINE,tab
item,Mifepristone 200 mg Tablet,Medicines,MEDICINE,tab
item,Misoprostol 200 mcg Tablet,Medicines,MEDICINE,tab
item,Calcium Tablet,Medicines,MEDICINE,tab
item,Calcium Phosphorus Vitamin D3 Tablet,Medicines,MEDICINE,tab
item,Iron Folic Acid Tablet,Medicines,MEDICINE,tab
item,Multivitamin Mineral Tablet,Medicines,MEDICINE,tab
item,Liver Tonic Syrup,Medicines,MEDICINE,bottle
item,Hepatoprotective Syrup,Medicines,MEDICINE,bottle
item,Nutritional Supplement Powder,Medicines,MEDICINE,pack
item,Electrolyte Mineral Mixture,Medicines,MEDICINE,pack
item,Calcium Gel Oral,Medicines,MEDICINE,pack
item,Energy Booster Paste,Medicines,MEDICINE,pack
item,Povidone Iodine Solution 10%,Medicines,MEDICINE,bottle
item,Povidone Iodine Ointment 5%,Medicines,MEDICINE,pcs
item,Chlorhexidine Solution 4%,Medicines,MEDICINE,bottle
item,Chlorhexidine Shampoo 4%,Medicines,MEDICINE,bottle
item,Benzoyl Peroxide Shampoo 2.5%,Medicines,MEDICINE,bottle
item,Ketoconazole Shampoo 2%,Medicines,MEDICINE,bottle
item,Miconazole Shampoo 2%,Medicines,MEDICINE,bottle
item,Clotrimazole Cream 1%,Medicines,MEDICINE,pcs
item,Mupirocin Ointment 2%,Medicines,MEDICINE,pcs
item,Silver Sulfadiazine Cream 1%,Medicines,MEDICINE,pcs
item,Gentian Violet Paint,Medicines,MEDICINE,bottle
item,Calamine Lotion,Medicines,MEDICINE,bottle
item,Zinc Oxide Ointment,Medicines,MEDICINE,pcs
item,Hydrocortisone Cream 1%,Medicines,MEDICINE,pcs
item,Clotrimazole Ear Drops 1%,Medicines,MEDICINE,bottle
item,Ofloxacin Ear Drops,Medicines,MEDICINE,bottle
item,Carbamide Peroxide Ear Drops,Medicines,MEDICINE,bottle
item,Artificial Tear Eye Drops,Medicines,MEDICINE,bottle
item,Cyclosporine Ophthalmic Ointment,Medicines,MEDICINE,pcs
item,Tobramycin Eye Drops,Medicines,MEDICINE,bottle
item,Moxifloxacin Eye Drops,Medicines,MEDICINE,bottle
item,Nepafenac Eye Drops,Medicines,MEDICINE,bottle
item,Atropine Eye Drops 1%,Medicines,MEDICINE,bottle
item,Timolol Eye Drops 0.5%,Medicines,MEDICINE,bottle
item,Latanoprost Eye Drops,Medicines,MEDICINE,bottle
item,Potassium Citrate Syrup,Medicines,MEDICINE,bottle
item,Cranberry Urinary Syrup,Medicines,MEDICINE,bottle
item,Urinary Alkalizer Sachet,Medicines,MEDICINE,pack
item,Urinary Acidifier Tablet,Medicines,MEDICINE,tab
item,S-Adenosylmethionine Tablet,Medicines,MEDICINE,tab
item,Silymarin Tablet,Medicines,MEDICINE,tab
item,Ursodeoxycholic Acid 300 mg Capsule,Medicines,MEDICINE,cap
item,L-Carnitine Syrup,Medicines,MEDICINE,bottle
item,Coenzyme Q10 Capsule,Medicines,MEDICINE,cap
item,Omega 3 Fish Oil Capsule,Medicines,MEDICINE,cap
item,Biotin Zinc Tablet,Medicines,MEDICINE,tab
item,Glucosamine Chondroitin Tablet,Medicines,MEDICINE,tab
item,Joint Support Powder,Medicines,MEDICINE,pack
item,Antifungal Dusting Powder,Medicines,MEDICINE,pack
item,Wound Healing Spray,Medicines,MEDICINE,bottle
item,Herbal Skin Tonic,Medicines,MEDICINE,bottle
item,Tick Repellent Spray,Medicines,MEDICINE,bottle
item,Flea Shampoo,Medicines,MEDICINE,bottle
item,Medicated Soap,Medicines,MEDICINE,pcs
item,Oral Calcium Suspension,Medicines,MEDICINE,bottle
item,Rabies Vaccine Inactivated,Medicines,MEDICINE,vial
item,Canine DHPPi Vaccine,Medicines,MEDICINE,vial
item,Canine Coronavirus Vaccine,Medicines,MEDICINE,vial
item,Canine Kennel Cough Vaccine,Medicines,MEDICINE,vial
item,Canine Leptospira Vaccine,Medicines,MEDICINE,vial
item,Feline Tricat Vaccine,Medicines,MEDICINE,vial
item,Feline Rabies Vaccine,Medicines,MEDICINE,vial
item,Feline Leukemia Vaccine,Medicines,MEDICINE,vial
item,Bovine Foot and Mouth Disease Vaccine,Medicines,MEDICINE,vial
item,Bovine Hemorrhagic Septicemia Vaccine,Medicines,MEDICINE,vial
item,Bovine Black Quarter Vaccine,Medicines,MEDICINE,vial
item,Brucella Abortus Vaccine,Medicines,MEDICINE,vial
item,Goat PPR Vaccine,Medicines,MEDICINE,vial
item,Sheep Pox Vaccine,Medicines,MEDICINE,vial
item,Newcastle Disease Vaccine,Medicines,MEDICINE,vial
item,Infectious Bursal Disease Vaccine,Medicines,MEDICINE,vial
item,Fowl Pox Vaccine,Medicines,MEDICINE,vial
item,Marek's Disease Vaccine,Medicines,MEDICINE,vial
item,Duck Cholera Vaccine,Medicines,MEDICINE,vial
item,Swine Classical Fever Vaccine,Medicines,MEDICINE,vial
item,Dexamethasone Sodium Phosphate Injection 4 mg/ml,Injectables,MEDICINE,amp
item,Dexamethasone Injection 2 mg/ml,Injectables,MEDICINE,vial
item,Prednisolone Sodium Succinate Injection,Injectables,MEDICINE,vial
item,Hydrocortisone Sodium Succinate Injection 100 mg,Injectables,MEDICINE,vial
item,Chlorpheniramine Maleate Injection,Injectables,MEDICINE,amp
item,Pheniramine Maleate Injection,Injectables,MEDICINE,amp
item,Diphenhydramine Injection,Injectables,MEDICINE,amp
item,Adrenaline Injection 1:1000,Injectables,MEDICINE,amp
item,Atropine Sulphate Injection,Injectables,MEDICINE,amp
item,Aminophylline Injection,Injectables,MEDICINE,amp
item,Theophylline Ethylenediamine Injection,Injectables,MEDICINE,amp
item,Furosemide Injection 20 mg/ml,Injectables,MEDICINE,amp
item,Frusemide Injection 50 mg/ml,Injectables,MEDICINE,amp
item,Vitamin B Complex Injection,Injectables,MEDICINE,amp
item,Vitamin B12 Injection,Injectables,MEDICINE,amp
item,Vitamin K1 Injection,Injectables,MEDICINE,amp
item,Vitamin K3 Injection,Injectables,MEDICINE,amp
item,Calcium Borogluconate Injection,Injectables,MEDICINE,bottle
item,Calcium Magnesium Injection,Injectables,MEDICINE,bottle
item,Iron Dextran Injection,Injectables,MEDICINE,vial
item,Multivitamin Injection Veterinary,Injectables,MEDICINE,vial
item,Selenium Vitamin E Injection,Injectables,MEDICINE,vial
item,Butaphosphan Vitamin B12 Injection,Injectables,MEDICINE,vial
item,Levamisole Injection,Injectables,MEDICINE,vial
item,Ivermectin Injection 1%,Injectables,MEDICINE,vial
item,Doramectin Injection 1%,Injectables,MEDICINE,vial
item,Moxidectin Injection,Injectables,MEDICINE,vial
item,Oxytocin Injection,Injectables,MEDICINE,amp
item,Buserelin Injection,Injectables,MEDICINE,amp
item,Human Chorionic Gonadotropin Injection,Injectables,MEDICINE,vial
item,Estradiol Benzoate Injection,Injectables,MEDICINE,amp
item,Progesterone Injection,Injectables,MEDICINE,amp
item,Dinoprost Tromethamine Injection,Injectables,MEDICINE,vial
item,Cloprostenol Injection,Injectables,MEDICINE,vial
item,Metoclopramide Injection,Injectables,MEDICINE,amp
item,Ondansetron Injection 2 mg/ml,Injectables,MEDICINE,amp
item,Ranitidine Injection 25 mg/ml,Injectables,MEDICINE,amp
item,Pantoprazole Injection 40 mg,Injectables,MEDICINE,vial
item,Omeprazole Injection 40 mg,Injectables,MEDICINE,vial
item,Drotaverine Injection,Injectables,MEDICINE,amp
item,Hyoscine Butylbromide Injection,Injectables,MEDICINE,amp
item,Tranexamic Acid Injection,Injectables,MEDICINE,amp
item,Ethamsylate Injection,Injectables,MEDICINE,amp
item,Diclofenac Injection 25 mg/ml,Injectables,MEDICINE,amp
item,Meloxicam Injection 5 mg/ml,Injectables,MEDICINE,amp
item,Ketoprofen Injection 100 mg/ml,Injectables,MEDICINE,amp
item,Flunixin Meglumine Injection,Injectables,MEDICINE,vial
item,Butorphanol Injection,Injectables,MEDICINE,vial
item,Buprenorphine Injection,Injectables,MEDICINE,amp
item,Tramadol Injection,Injectables,MEDICINE,amp
item,Pentazocine Injection,Injectables,MEDICINE,amp
item,Diazepam Injection,Injectables,MEDICINE,amp
item,Midazolam Injection,Injectables,MEDICINE,amp
item,Xylazine Injection 2%,Injectables,MEDICINE,vial
item,Ketamine Injection 50 mg/ml,Injectables,MEDICINE,vial
item,Ketamine Injection 100 mg/ml,Injectables,MEDICINE,vial
item,Propofol Injection 10 mg/ml,Injectables,MEDICINE,vial
item,Thiopentone Sodium Injection,Injectables,MEDICINE,vial
item,Lidocaine Hydrochloride Injection 2%,Injectables,MEDICINE,vial
item,Bupivacaine Injection 0.5%,Injectables,MEDICINE,amp
item,Ropivacaine Injection 0.5%,Injectables,MEDICINE,amp
item,Medetomidine Injection,Injectables,MEDICINE,vial
item,Dexmedetomidine Injection,Injectables,MEDICINE,vial
item,Acepromazine Injection,Injectables,MEDICINE,amp
item,Glycopyrrolate Injection,Injectables,MEDICINE,amp
item,Neostigmine Injection,Injectables,MEDICINE,amp
item,Atipamezole Injection,Injectables,MEDICINE,vial
item,Mannitol Infusion 20%,Injectables,MEDICINE,bottle
item,Dextrose Saline Infusion,Injectables,MEDICINE,bottle
item,Normal Saline 0.9% Infusion,Injectables,MEDICINE,bottle
item,Ringer Lactate Infusion,Injectables,MEDICINE,bottle
item,Dextrose 5% Infusion,Injectables,MEDICINE,bottle
item,Dextrose 10% Infusion,Injectables,MEDICINE,bottle
item,Dextrose 25% Injection,Injectables,MEDICINE,amp
item,Sodium Bicarbonate Injection,Injectables,MEDICINE,amp
item,Potassium Chloride Injection,Injectables,MEDICINE,amp
item,Magnesium Sulphate Injection,Injectables,MEDICINE,amp
item,Amino Acid Infusion Veterinary,Injectables,MEDICINE,bottle
item,Parenteral Nutrition Solution,Injectables,MEDICINE,bottle
item,Liver Extract Injection,Injectables,MEDICINE,amp
item,Antitoxic Liver Stimulant Injection,Injectables,MEDICINE,vial
item,Cyanocobalamin Injection,Injectables,MEDICINE,amp
item,Cobalt Phosphorus Injection,Injectables,MEDICINE,vial
item,Biotin Injection Veterinary,Injectables,MEDICINE,vial
item,Mineral Supplement Injection,Injectables,MEDICINE,vial
item,Enzyme Stimulant Injection,Injectables,MEDICINE,vial
item,Immunostimulant Injection,Injectables,MEDICINE,vial
item,Anti-Shock Injection Veterinary,Injectables,MEDICINE,amp
item,Antihistamine with Steroid Injection,Injectables,MEDICINE,amp
item,Bronchodilator Injection Veterinary,Injectables,MEDICINE,amp
item,Cardiac Stimulant Injection,Injectables,MEDICINE,amp
item,Respiratory Stimulant Injection,Injectables,MEDICINE,amp
item,Uterine Cleanser Injection,Injectables,MEDICINE,vial
item,Fertility Support Injection,Injectables,MEDICINE,vial
item,Placenta Expulsion Injection,Injectables,MEDICINE,vial
item,Calf Starter Vitamin Injection,Injectables,MEDICINE,vial
item,Puppy Multivitamin Injection,Injectables,MEDICINE,vial
item,Kitten Multivitamin Injection,Injectables,MEDICINE,vial
item,Enrofloxacin Injection 25 mg/ml,Injectables,MEDICINE,vial
item,Amoxicillin Sulbactam Injection,Injectables,MEDICINE,vial
item,Ceftriaxone Sulbactam Injection,Injectables,MEDICINE,vial
item,Cefotaxime Injection 500 mg,Injectables,MEDICINE,vial
item,Amikacin Injection 250 mg/ml,Injectables,MEDICINE,vial
item,Gentamicin Injection 40 mg/ml,Injectables,MEDICINE,amp
item,Azithromycin Injection,Injectables,MEDICINE,vial
item,Meropenem Injection 500 mg,Injectables,MEDICINE,vial
item,Imipenem Cilastatin Injection,Injectables,MEDICINE,vial
item,Metronidazole Infusion,Injectables,MEDICINE,bottle
item,Dopamine Injection,Injectables,MEDICINE,amp
item,Dobutamine Injection,Injectables,MEDICINE,amp
item,Norepinephrine Injection,Injectables,MEDICINE,amp
item,Phenylephrine Injection,Injectables,MEDICINE,amp
item,Heparin Sodium Injection,Injectables,MEDICINE,vial
item,Terbutaline Injection,Injectables,MEDICINE,amp
item,Insulin Regular Injection,Injectables,MEDICINE,vial
item,Protamine Zinc Insulin Injection,Injectables,MEDICINE,vial
item,Cyanocobalamin with Butaphosphan Injection,Injectables,MEDICINE,vial
item,Amino Tonic Injection,Injectables,MEDICINE,vial
item,Amoxicillin 250 mg Capsule,Antibiotics,MEDICINE,cap
item,Amoxicillin 500 mg Capsule,Antibiotics,MEDICINE,cap
item,Amoxicillin Oral Suspension 125 mg/5 ml,Antibiotics,MEDICINE,bottle
item,Amoxicillin Clavulanate 250/125 mg Tablet,Antibiotics,MEDICINE,tab
item,Amoxicillin Clavulanate 500/125 mg Tablet,Antibiotics,MEDICINE,tab
item,Amoxicillin Clavulanate Oral Suspension,Antibiotics,MEDICINE,bottle
item,Ampicillin 250 mg Capsule,Antibiotics,MEDICINE,cap
item,Ampicillin Oral Suspension,Antibiotics,MEDICINE,bottle
item,Cloxacillin 500 mg Capsule,Antibiotics,MEDICINE,cap
item,Ampicillin Cloxacillin Capsule,Antibiotics,MEDICINE,cap
item,Cephalexin 250 mg Capsule,Antibiotics,MEDICINE,cap
item,Cephalexin 500 mg Capsule,Antibiotics,MEDICINE,cap
item,Cephalexin Oral Suspension,Antibiotics,MEDICINE,bottle
item,Cefpodoxime 100 mg Tablet,Antibiotics,MEDICINE,tab
item,Cefpodoxime 200 mg Tablet,Antibiotics,MEDICINE,tab
item,Cefixime 200 mg Tablet,Antibiotics,MEDICINE,tab
item,Cefixime Oral Suspension,Antibiotics,MEDICINE,bottle
item,Cefuroxime Axetil 250 mg Tablet,Antibiotics,MEDICINE,tab
item,Cefuroxime Axetil 500 mg Tablet,Antibiotics,MEDICINE,tab
item,Cefadroxil 500 mg Capsule,Antibiotics,MEDICINE,cap
item,Azithromycin 250 mg Tablet,Antibiotics,MEDICINE,tab
item,Azithromycin 500 mg Tablet,Antibiotics,MEDICINE,tab
item,Azithromycin Oral Suspension,Antibiotics,MEDICINE,bottle
item,Clarithromycin 250 mg Tablet,Antibiotics,MEDICINE,tab
item,Clarithromycin 500 mg Tablet,Antibiotics,MEDICINE,tab
item,Erythromycin 250 mg Tablet,Antibiotics,MEDICINE,tab
item,Roxithromycin 150 mg Tablet,Antibiotics,MEDICINE,tab
item,Doxycycline 100 mg Tablet,Antibiotics,MEDICINE,tab
item,Doxycycline 200 mg Tablet,Antibiotics,MEDICINE,tab
item,Doxycycline Oral Suspension,Antibiotics,MEDICINE,bottle
item,Oxytetracycline 250 mg Capsule,Antibiotics,MEDICINE,cap
item,Oxytetracycline 500 mg Capsule,Antibiotics,MEDICINE,cap
item,Minocycline 50 mg Capsule,Antibiotics,MEDICINE,cap
item,Tylosin 250 mg Tablet,Antibiotics,MEDICINE,tab
item,Spiramycin Metronidazole Tablet,Antibiotics,MEDICINE,tab
item,Clindamycin 150 mg Capsule,Antibiotics,MEDICINE,cap
item,Clindamycin 300 mg Capsule,Antibiotics,MEDICINE,cap
item,Clindamycin Oral Solution,Antibiotics,MEDICINE,bottle
item,Lincomycin Spectinomycin Oral Solution,Antibiotics,MEDICINE,bottle
item,Metronidazole 200 mg Tablet,Antibiotics,MEDICINE,tab
item,Metronidazole 400 mg Tablet,Antibiotics,MEDICINE,tab
item,Metronidazole Oral Suspension,Antibiotics,MEDICINE,bottle
item,Tinidazole 300 mg Tablet,Antibiotics,MEDICINE,tab
item,Secnidazole 1 g Tablet,Antibiotics,MEDICINE,tab
item,Trimethoprim Sulfadiazine Tablet,Antibiotics,MEDICINE,tab
item,Trimethoprim Sulfamethoxazole Tablet,Antibiotics,MEDICINE,tab
item,Co-Trimoxazole Oral Suspension,Antibiotics,MEDICINE,bottle
item,Sulfachlorpyridazine Sodium Bolus,Antibiotics,MEDICINE,tab
item,Ampicillin Injection 500 mg,Antibiotics,MEDICINE,vial
item,Ampicillin Injection 1 g,Antibiotics,MEDICINE,vial
item,Amoxicillin Injection,Antibiotics,MEDICINE,vial
item,Amoxicillin Sulbactam Injection 1.5 g,Antibiotics,MEDICINE,vial
item,Ceftriaxone Injection 1 g,Antibiotics,MEDICINE,vial
item,Ceftriaxone Injection 2 g,Antibiotics,MEDICINE,vial
item,Ceftriaxone Sulbactam Injection 1.5 g,Antibiotics,MEDICINE,vial
item,Cefotaxime Injection 1 g,Antibiotics,MEDICINE,vial
item,Cefoperazone Sulbactam Injection 1.5 g,Antibiotics,MEDICINE,vial
item,Ceftiofur Sodium Injection,Antibiotics,MEDICINE,vial
item,Ceftiofur Hydrochloride Injection,Antibiotics,MEDICINE,vial
item,Cefquinome Injection,Antibiotics,MEDICINE,vial
item,Gentamicin Injection 80 mg/2 ml,Antibiotics,MEDICINE,amp
item,Gentamicin Injection 280 mg/7 ml,Antibiotics,MEDICINE,vial
item,Amikacin Injection 500 mg/2 ml,Antibiotics,MEDICINE,amp
item,Neomycin Injection,Antibiotics,MEDICINE,vial
item,Streptomycin Injection,Antibiotics,MEDICINE,vial
item,Penicillin G Procaine Injection,Antibiotics,MEDICINE,vial
item,Penicillin Streptomycin Injection,Antibiotics,MEDICINE,vial
item,Benzathine Penicillin Injection,Antibiotics,MEDICINE,vial
item,Oxytetracycline Injection 5%,Antibiotics,MEDICINE,vial
item,Oxytetracycline Injection 10%,Antibiotics,MEDICINE,vial
item,Long Acting Oxytetracycline Injection 20%,Antibiotics,MEDICINE,vial
item,Doxycycline Injection,Antibiotics,MEDICINE,vial
item,Enrofloxacin Injection 50 mg/ml,Antibiotics,MEDICINE,vial
item,Enrofloxacin Injection 100 mg/ml,Antibiotics,MEDICINE,vial
item,Marbofloxacin Injection,Antibiotics,MEDICINE,vial
item,Danofloxacin Injection,Antibiotics,MEDICINE,vial
item,Ciprofloxacin Injection 200 mg,Antibiotics,MEDICINE,vial
item,Levofloxacin Infusion,Antibiotics,MEDICINE,bottle
item,Moxifloxacin Infusion,Antibiotics,MEDICINE,bottle
item,Azithromycin Injection 500 mg,Antibiotics,MEDICINE,vial
item,Tylosin Tartrate Injection,Antibiotics,MEDICINE,vial
item,Tilmicosin Injection,Antibiotics,MEDICINE,vial
item,Tulathromycin Injection,Antibiotics,MEDICINE,vial
item,Gamithromycin Injection,Antibiotics,MEDICINE,vial
item,Lincomycin Spectinomycin Injection,Antibiotics,MEDICINE,vial
item,Clindamycin Injection,Antibiotics,MEDICINE,vial
item,Metronidazole Infusion 500 mg,Antibiotics,MEDICINE,bottle
item,Ornidazole Infusion,Antibiotics,MEDICINE,bottle
item,Cloxacillin Intramammary Infusion,Antibiotics,MEDICINE,pack
item,Amoxicillin Intramammary Infusion,Antibiotics,MEDICINE,pack
item,Cephapirin Intramammary Infusion,Antibiotics,MEDICINE,pack
item,Penicillin Streptomycin Intramammary Syringe,Antibiotics,MEDICINE,pack
item,Dry Cow Therapy Intramammary Syringe,Antibiotics,MEDICINE,pack
item,Neomycin Sulfadiazine Intramammary Infusion,Antibiotics,MEDICINE,pack
item,Mastitis Tube Broad Spectrum,Antibiotics,MEDICINE,pack
item,Mastitis Tube Cefalexin Kanamycin,Antibiotics,MEDICINE,pack
item,Uterine Bolus Metronidazole,Antibiotics,MEDICINE,tab
item,Oxytetracycline Uterine Bolus,Antibiotics,MEDICINE,tab
item,Sulfonamide Uterine Bolus,Antibiotics,MEDICINE,tab
item,Acriflavine Uterine Tablet,Antibiotics,MEDICINE,tab
item,Florfenicol Injection,Antibiotics,MEDICINE,vial
item,Florfenicol Oral Solution,Antibiotics,MEDICINE,bottle
item,Chloramphenicol Eye Ointment,Antibiotics,MEDICINE,pcs
item,Tobramycin Eye Drops 0.3%,Antibiotics,MEDICINE,bottle
item,Gentamicin Eye Drops,Antibiotics,MEDICINE,bottle
item,Neomycin Bacitracin Eye Ointment,Antibiotics,MEDICINE,pcs
item,Silver Sulfadiazine Antibacterial Cream 1%,Antibiotics,MEDICINE,pcs
item,Nitrofurantoin 100 mg Tablet,Antibiotics,MEDICINE,tab
item,Fosfomycin Sachet,Antibiotics,MEDICINE,pack
item,Rifaximin 200 mg Tablet,Antibiotics,MEDICINE,tab
item,Meloxicam 7.5 mg Tablet,Pain,MEDICINE,tab
item,Meloxicam 15 mg Tablet,Pain,MEDICINE,tab
item,Meloxicam Oral Suspension 1.5 mg/ml,Pain,MEDICINE,bottle
item,Meloxicam Injection 2 mg/ml,Pain,MEDICINE,amp
item,Carprofen 25 mg Tablet,Pain,MEDICINE,tab
item,Carprofen 50 mg Tablet,Pain,MEDICINE,tab
item,Carprofen 100 mg Tablet,Pain,MEDICINE,tab
item,Carprofen Injection,Pain,MEDICINE,vial
item,Ketoprofen 50 mg Tablet,Pain,MEDICINE,tab
item,Ketoprofen Injection 50 mg/ml,Pain,MEDICINE,amp
item,Ketorolac 10 mg Tablet,Pain,MEDICINE,tab
item,Ketorolac Injection,Pain,MEDICINE,amp
item,Flunixin Meglumine Injection 50 mg/ml,Pain,MEDICINE,vial
item,Flunixin Meglumine Oral Paste,Pain,MEDICINE,pack
item,Robenacoxib 6 mg Tablet,Pain,MEDICINE,tab
item,Robenacoxib 20 mg Tablet,Pain,MEDICINE,tab
item,Firocoxib 57 mg Chewable Tablet,Pain,MEDICINE,tab
item,Firocoxib 227 mg Chewable Tablet,Pain,MEDICINE,tab
item,Deracoxib 12 mg Tablet,Pain,MEDICINE,tab
item,Deracoxib 25 mg Tablet,Pain,MEDICINE,tab
item,Tolfenamic Acid Injection,Pain,MEDICINE,vial
item,Tolfenamic Acid Tablet,Pain,MEDICINE,tab
item,Diclofenac Sodium Tablet 50 mg,Pain,MEDICINE,tab
item,Diclofenac Sodium Injection,Pain,MEDICINE,amp
item,Diclofenac Topical Gel,Pain,MEDICINE,pcs
item,Nimesulide 100 mg Tablet,Pain,MEDICINE,tab
item,Nimesulide Oral Suspension,Pain,MEDICINE,bottle
item,Paracetamol 500 mg Tablet,Pain,MEDICINE,tab
item,Paracetamol Syrup,Pain,MEDICINE,bottle
item,Paracetamol Infusion,Pain,MEDICINE,bottle
item,Tramadol 50 mg Capsule,Pain,MEDICINE,cap
item,Tramadol 100 mg Capsule,Pain,MEDICINE,cap
item,Tramadol Injection 50 mg/ml,Pain,MEDICINE,amp
item,Tapentadol 50 mg Tablet,Pain,MEDICINE,tab
item,Buprenorphine Injection 0.3 mg/ml,Pain,MEDICINE,amp
item,Butorphanol Injection 10 mg/ml,Pain,MEDICINE,vial
item,Pentazocine Injection 30 mg/ml,Pain,MEDICINE,amp
item,Pethidine Injection,Pain,MEDICINE,amp
item,Morphine Injection,Pain,MEDICINE,amp
item,Gabapentin 100 mg Capsule,Pain,MEDICINE,cap
item,Gabapentin 300 mg Capsule,Pain,MEDICINE,cap
item,Pregabalin 75 mg Capsule,Pain,MEDICINE,cap
item,Pregabalin 150 mg Capsule,Pain,MEDICINE,cap
item,Amitriptyline 10 mg Tablet,Pain,MEDICINE,tab
item,Amitriptyline 25 mg Tablet,Pain,MEDICINE,tab
item,Glucosamine Chondroitin MSM Tablet,Pain,MEDICINE,tab
item,Glucosamine Chondroitin Powder,Pain,MEDICINE,pack
item,Joint Support Liquid,Pain,MEDICINE,bottle
item,MSM Joint Support Tablet,Pain,MEDICINE,tab
item,Hyaluronic Acid Joint Syrup,Pain,MEDICINE,bottle
item,Omega 3 Joint Capsule,Pain,MEDICINE,cap
item,Boswellia Curcumin Tablet,Pain,MEDICINE,tab
item,Topical Liniment Spray,Pain,MEDICINE,bottle
item,Counterirritant Liniment,Pain,MEDICINE,bottle
item,Pain Relief Spray Veterinary,Pain,MEDICINE,bottle
item,Pain Relief Gel Veterinary,Pain,MEDICINE,pcs
item,Lidocaine Gel 2%,Pain,MEDICINE,pcs
item,Lidocaine Patch,Pain,MEDICINE,pack
item,Bupivacaine Injection 0.25%,Pain,MEDICINE,amp
item,Ropivacaine Injection 0.75%,Pain,MEDICINE,amp
item,Etoricoxib 60 mg Tablet,Pain,MEDICINE,tab
item,Aceclofenac Paracetamol Tablet,Pain,MEDICINE,tab
item,Ibuprofen Paracetamol Suspension,Pain,MEDICINE,bottle
item,Ibuprofen 400 mg Tablet,Pain,MEDICINE,tab
item,Metamizole Sodium Injection,Pain,MEDICINE,amp
item,Metamizole Sodium Tablet,Pain,MEDICINE,tab
item,Phenylbutazone Tablet,Pain,MEDICINE,tab
item,Phenylbutazone Injection,Pain,MEDICINE,vial
item,Naproxen 250 mg Tablet,Pain,MEDICINE,tab
item,Mefenamic Acid 250 mg Tablet,Pain,MEDICINE,tab
item,Muscle Relaxant Thiocolchicoside Tablet,Pain,MEDICINE,tab
item,Tizanidine 2 mg Tablet,Pain,MEDICINE,tab
item,Baclofen 10 mg Tablet,Pain,MEDICINE,tab
item,Arthritis Support Sachet,Pain,MEDICINE,pack
item,Heat Therapy Gel Pack,Pain,MEDICINE,pack
item,Cold Therapy Gel Pack,Pain,MEDICINE,pack
item,Transdermal Pain Relief Patch,Pain,MEDICINE,pack
item,Menthol Methyl Salicylate Ointment,Pain,MEDICINE,pcs
item,Camphor Liniment,Pain,MEDICINE,bottle
item,Neuropathic Pain Syrup,Pain,MEDICINE,bottle
item,Sterile Surgical Drape Small,Surgical Consumables,SURGICAL_CONSUMABLE,pack
item,Sterile Surgical Drape Medium,Surgical Consumables,SURGICAL_CONSUMABLE,pack
item,Sterile Surgical Drape Large,Surgical Consumables,SURGICAL_CONSUMABLE,pack
item,Fenestrated Drape Small,Surgical Consumables,SURGICAL_CONSUMABLE,pack
item,Fenestrated Drape Large,Surgical Consumables,SURGICAL_CONSUMABLE,pack
item,Laparotomy Drape,Surgical Consumables,SURGICAL_CONSUMABLE,pack
item,Impervious Surgical Sheet,Surgical Consumables,SURGICAL_CONSUMABLE,pack
item,Disposable Gown Sterile Small,Surgical Consumables,SURGICAL_CONSUMABLE,pack
item,Disposable Gown Sterile Medium,Surgical Consumables,SURGICAL_CONSUMABLE,pack
item,Disposable Gown Sterile Large,Surgical Consumables,SURGICAL_CONSUMABLE,pack
item,Surgical Hand Gloves Sterile Size 6.5,Surgical Consumables,SURGICAL_CONSUMABLE,pack
item,Surgical Hand Gloves Sterile Size 7,Surgical Consumables,SURGICAL_CONSUMABLE,pack
item,Surgical Hand Gloves Sterile Size 7.5,Surgical Consumables,SURGICAL_CONSUMABLE,pack
item,Surgical Hand Gloves Sterile Size 8,Surgical Consumables,SURGICAL_CONSUMABLE,pack
item,Examination Gloves Powder Free Small,Surgical Consumables,SURGICAL_CONSUMABLE,box
item,Examination Gloves Powder Free Medium,Surgical Consumables,SURGICAL_CONSUMABLE,box
item,Examination Gloves Powder Free Large,Surgical Consumables,SURGICAL_CONSUMABLE,box
item,Face Mask 3 Ply,Surgical Consumables,SURGICAL_CONSUMABLE,box
item,N95 Respirator Mask,Surgical Consumables,SURGICAL_CONSUMABLE,box
item,Head Cap Disposable,Surgical Consumables,SURGICAL_CONSUMABLE,box
item,Shoe Cover Disposable,Surgical Consumables,SURGICAL_CONSUMABLE,pack
item,Sterile Sponge Holding Stick,Surgical Consumables,SURGICAL_CONSUMABLE,pcs
item,Suction Catheter 6 Fr,Surgical Consumables,SURGICAL_CONSUMABLE,pcs
item,Suction Catheter 8 Fr,Surgical Consumables,SURGICAL_CONSUMABLE,pcs
item,Suction Catheter 10 Fr,Surgical Consumables,SURGICAL_CONSUMABLE,pcs
item,Suction Catheter 12 Fr,Surgical Consumables,SURGICAL_CONSUMABLE,pcs
item,Infant Feeding Tube 5 Fr,Surgical Consumables,SURGICAL_CONSUMABLE,pcs
item,Infant Feeding Tube 6 Fr,Surgical Consumables,SURGICAL_CONSUMABLE,pcs
item,Infant Feeding Tube 8 Fr,Surgical Consumables,SURGICAL_CONSUMABLE,pcs
item,Ryle's Tube 8 Fr,Surgical Consumables,SURGICAL_CONSUMABLE,pcs
item,Ryle's Tube 10 Fr,Surgical Consumables,SURGICAL_CONSUMABLE,pcs
item,Ryle's Tube 12 Fr,Surgical Consumables,SURGICAL_CONSUMABLE,pcs
item,Urinary Catheter 6 Fr,Surgical Consumables,SURGICAL_CONSUMABLE,pcs
item,Urinary Catheter 8 Fr,Surgical Consumables,SURGICAL_CONSUMABLE,pcs
item,Urinary Catheter 10 Fr,Surgical Consumables,SURGICAL_CONSUMABLE,pcs
item,Urinary Catheter 12 Fr,Surgical Consumables,SURGICAL_CONSUMABLE,pcs
item,Foley Catheter 8 Fr,Surgical Consumables,SURGICAL_CONSUMABLE,pcs
item,Foley Catheter 10 Fr,Surgical Consumables,SURGICAL_CONSUMABLE,pcs
item,Foley Catheter 12 Fr,Surgical Consumables,SURGICAL_CONSUMABLE,pcs
item,Foley Catheter 14 Fr,Surgical Consumables,SURGICAL_CONSUMABLE,pcs
item,Endotracheal Tube 3.0 mm,Surgical Consumables,SURGICAL_CONSUMABLE,pcs
item,Endotracheal Tube 4.0 mm,Surgical Consumables,SURGICAL_CONSUMABLE,pcs
item,Endotracheal Tube 5.0 mm,Surgical Consumables,SURGICAL_CONSUMABLE,pcs
item,Endotracheal Tube 6.0 mm,Surgical Consumables,SURGICAL_CONSUMABLE,pcs
item,Endotracheal Tube 7.0 mm,Surgical Consumables,SURGICAL_CONSUMABLE,pcs
item,Laryngeal Mask Airway Size 1,Surgical Consumables,SURGICAL_CONSUMABLE,pcs
item,Laryngeal Mask Airway Size 2,Surgical Consumables,SURGICAL_CONSUMABLE,pcs
item,Laryngeal Mask Airway Size 3,Surgical Consumables,SURGICAL_CONSUMABLE,pcs
item,Oxygen Mask Small,Surgical Consumables,SURGICAL_CONSUMABLE,pcs
item,Oxygen Mask Medium,Surgical Consumables,SURGICAL_CONSUMABLE,pcs
item,Oxygen Mask Large,Surgical Consumables,SURGICAL_CONSUMABLE,pcs
item,Nebulizer Mask Set,Surgical Consumables,SURGICAL_CONSUMABLE,pcs
item,Breathing Circuit Corrugated,Surgical Consumables,SURGICAL_CONSUMABLE,pcs
item,Suction Tubing Sterile,Surgical Consumables,SURGICAL_CONSUMABLE,pcs
item,Yankauer Suction Set,Surgical Consumables,SURGICAL_CONSUMABLE,pcs
item,Electrocautery Pencil,Surgical Consumables,SURGICAL_CONSUMABLE,pcs
item,Grounding Pad Disposable,Surgical Consumables,SURGICAL_CONSUMABLE,pcs
item,Sterile Cotton Tipped Applicator,Surgical Consumables,SURGICAL_CONSUMABLE,pack
item,Specimen Collection Container Sterile,Surgical Consumables,SURGICAL_CONSUMABLE,pcs
item,Drain Tube Silicone,Surgical Consumables,SURGICAL_CONSUMABLE,pcs
item,Penrose Drain Small,Surgical Consumables,SURGICAL_CONSUMABLE,pcs
item,Penrose Drain Medium,Surgical Consumables,SURGICAL_CONSUMABLE,pcs
item,Penrose Drain Large,Surgical Consumables,SURGICAL_CONSUMABLE,pcs
item,Chest Drain Tube 12 Fr,Surgical Consumables,SURGICAL_CONSUMABLE,pcs
item,Chest Drain Tube 16 Fr,Surgical Consumables,SURGICAL_CONSUMABLE,pcs
item,Feeding Syringe 20 ml,Surgical Consumables,SURGICAL_CONSUMABLE,pcs
item,Toomey Syringe 50 ml,Surgical Consumables,SURGICAL_CONSUMABLE,pcs
item,Irrigation Set Sterile,Surgical Consumables,SURGICAL_CONSUMABLE,pack
item,Lavage Tube Set,Surgical Consumables,SURGICAL_CONSUMABLE,pack
item,Surgical Marker Pen Sterile,Surgical Consumables,SURGICAL_CONSUMABLE,pcs
item,Skin Stapler Disposable,Surgical Consumables,SURGICAL_CONSUMABLE,pcs
item,Staple Remover Disposable,Surgical Consumables,SURGICAL_CONSUMABLE,pcs
item,Umbilical Tape Sterile,Surgical Consumables,SURGICAL_CONSUMABLE,pack
item,Arterial Line Set,Surgical Consumables,SURGICAL_CONSUMABLE,pcs
item,Central Venous Catheter Set,Surgical Consumables,SURGICAL_CONSUMABLE,pcs
item,Thoracocentesis Catheter,Surgical Consumables,SURGICAL_CONSUMABLE,pcs
item,Peritoneal Drain Set,Surgical Consumables,SURGICAL_CONSUMABLE,pcs
item,Biopsy Punch 4 mm Disposable,Surgical Consumables,SURGICAL_CONSUMABLE,pcs
item,Biopsy Punch 6 mm Disposable,Surgical Consumables,SURGICAL_CONSUMABLE,pcs
item,Chromic Catgut Suture 4-0 Round Body,Sutures,SURGICAL_CONSUMABLE,pack
item,Chromic Catgut Suture 4-0 Cutting Needle,Sutures,SURGICAL_CONSUMABLE,pack
item,Chromic Catgut Suture 4-0 Reverse Cutting,Sutures,SURGICAL_CONSUMABLE,pack
item,Chromic Catgut Suture 3-0 Round Body,Sutures,SURGICAL_CONSUMABLE,pack
item,Chromic Catgut Suture 3-0 Cutting Needle,Sutures,SURGICAL_CONSUMABLE,pack
item,Chromic Catgut Suture 3-0 Reverse Cutting,Sutures,SURGICAL_CONSUMABLE,pack
item,Chromic Catgut Suture 2-0 Round Body,Sutures,SURGICAL_CONSUMABLE,pack
item,Chromic Catgut Suture 2-0 Cutting Needle,Sutures,SURGICAL_CONSUMABLE,pack
item,Chromic Catgut Suture 2-0 Reverse Cutting,Sutures,SURGICAL_CONSUMABLE,pack
item,Chromic Catgut Suture 0 Round Body,Sutures,SURGICAL_CONSUMABLE,pack
item,Chromic Catgut Suture 0 Cutting Needle,Sutures,SURGICAL_CONSUMABLE,pack
item,Chromic Catgut Suture 0 Reverse Cutting,Sutures,SURGICAL_CONSUMABLE,pack
item,Chromic Catgut Suture 1 Round Body,Sutures,SURGICAL_CONSUMABLE,pack
item,Chromic Catgut Suture 1 Cutting Needle,Sutures,SURGICAL_CONSUMABLE,pack
item,Chromic Catgut Suture 1 Reverse Cutting,Sutures,SURGICAL_CONSUMABLE,pack
item,Chromic Catgut Suture 2 Round Body,Sutures,SURGICAL_CONSUMABLE,pack
item,Chromic Catgut Suture 2 Cutting Needle,Sutures,SURGICAL_CONSUMABLE,pack
item,Chromic Catgut Suture 2 Reverse Cutting,Sutures,SURGICAL_CONSUMABLE,pack
item,Chromic Catgut Suture 3 Round Body,Sutures,SURGICAL_CONSUMABLE,pack
item,Chromic Catgut Suture 3 Cutting Needle,Sutures,SURGICAL_CONSUMABLE,pack
item,Chromic Catgut Suture 3 Reverse Cutting,Sutures,SURGICAL_CONSUMABLE,pack
item,Plain Catgut Suture 4-0 Round Body,Sutures,SURGICAL_CONSUMABLE,pack
item,Plain Catgut Suture 4-0 Cutting Needle,Sutures,SURGICAL_CONSUMABLE,pack
item,Plain Catgut Suture 4-0 Reverse Cutting,Sutures,SURGICAL_CONSUMABLE,pack
item,Plain Catgut Suture 3-0 Round Body,Sutures,SURGICAL_CONSUMABLE,pack
item,Plain Catgut Suture 3-0 Cutting Needle,Sutures,SURGICAL_CONSUMABLE,pack
item,Plain Catgut Suture 3-0 Reverse Cutting,Sutures,SURGICAL_CONSUMABLE,pack
item,Plain Catgut Suture 2-0 Round Body,Sutures,SURGICAL_CONSUMABLE,pack
item,Plain Catgut Suture 2-0 Cutting Needle,Sutures,SURGICAL_CONSUMABLE,pack
item,Plain Catgut Suture 2-0 Reverse Cutting,Sutures,SURGICAL_CONSUMABLE,pack
item,Plain Catgut Suture 0 Round Body,Sutures,SURGICAL_CONSUMABLE,pack
item,Plain Catgut Suture 0 Cutting Needle,Sutures,SURGICAL_CONSUMABLE,pack
item,Plain Catgut Suture 0 Reverse Cutting,Sutures,SURGICAL_CONSUMABLE,pack
item,Plain Catgut Suture 1 Round Body,Sutures,SURGICAL_CONSUMABLE,pack
item,Plain Catgut Suture 1 Cutting Needle,Sutures,SURGICAL_CONSUMABLE,pack
item,Plain Catgut Suture 1 Reverse Cutting,Sutures,SURGICAL_CONSUMABLE,pack
item,Plain Catgut Suture 2 Round Body,Sutures,SURGICAL_CONSUMABLE,pack
item,Plain Catgut Suture 2 Cutting Needle,Sutures,SURGICAL_CONSUMABLE,pack
item,Plain Catgut Suture 2 Reverse Cutting,Sutures,SURGICAL_CONSUMABLE,pack
item,Plain Catgut Suture 3 Round Body,Sutures,SURGICAL_CONSUMABLE,pack
item,Plain Catgut Suture 3 Cutting Needle,Sutures,SURGICAL_CONSUMABLE,pack
item,Plain Catgut Suture 3 Reverse Cutting,Sutures,SURGICAL_CONSUMABLE,pack
item,Polyglactin 910 Suture 4-0 Round Body,Sutures,SURGICAL_CONSUMABLE,pack
item,Polyglactin 910 Suture 4-0 Cutting Needle,Sutures,SURGICAL_CONSUMABLE,pack
item,Polyglactin 910 Suture 4-0 Reverse Cutting,Sutures,SURGICAL_CONSUMABLE,pack
item,Polyglactin 910 Suture 3-0 Round Body,Sutures,SURGICAL_CONSUMABLE,pack
item,Polyglactin 910 Suture 3-0 Cutting Needle,Sutures,SURGICAL_CONSUMABLE,pack
item,Polyglactin 910 Suture 3-0 Reverse Cutting,Sutures,SURGICAL_CONSUMABLE,pack
item,Polyglactin 910 Suture 2-0 Round Body,Sutures,SURGICAL_CONSUMABLE,pack
item,Polyglactin 910 Suture 2-0 Cutting Needle,Sutures,SURGICAL_CONSUMABLE,pack
item,Polyglactin 910 Suture 2-0 Reverse Cutting,Sutures,SURGICAL_CONSUMABLE,pack
item,Polyglactin 910 Suture 0 Round Body,Sutures,SURGICAL_CONSUMABLE,pack
item,Polyglactin 910 Suture 0 Cutting Needle,Sutures,SURGICAL_CONSUMABLE,pack
item,Polyglactin 910 Suture 0 Reverse Cutting,Sutures,SURGICAL_CONSUMABLE,pack
item,Polyglactin 910 Suture 1 Round Body,Sutures,SURGICAL_CONSUMABLE,pack
item,Polyglactin 910 Suture 1 Cutting Needle,Sutures,SURGICAL_CONSUMABLE,pack
item,Polyglactin 910 Suture 1 Reverse Cutting,Sutures,SURGICAL_CONSUMABLE,pack
item,Polyglactin 910 Suture 2 Round Body,Sutures,SURGICAL_CONSUMABLE,pack
item,Polyglactin 910 Suture 2 Cutting Needle,Sutures,SURGICAL_CONSUMABLE,pack
item,Polyglactin 910 Suture 2 Reverse Cutting,Sutures,SURGICAL_CONSUMABLE,pack
item,Polyglactin 910 Suture 3 Round Body,Sutures,SURGICAL_CONSUMABLE,pack
item,Polyglactin 910 Suture 3 Cutting Needle,Sutures,SURGICAL_CONSUMABLE,pack
item,Polyglactin 910 Suture 3 Reverse Cutting,Sutures,SURGICAL_CONSUMABLE,pack
item,Polyglycolic Acid Suture 4-0 Round Body,Sutures,SURGICAL_CONSUMABLE,pack
item,Polyglycolic Acid Suture 4-0 Cutting Needle,Sutures,SURGICAL_CONSUMABLE,pack
item,Polyglycolic Acid Suture 4-0 Reverse Cutting,Sutures,SURGICAL_CONSUMABLE,pack
item,Polyglycolic Acid Suture 3-0 Round Body,Sutures,SURGICAL_CONSUMABLE,pack
item,Polyglycolic Acid Suture 3-0 Cutting Needle,Sutures,SURGICAL_CONSUMABLE,pack
item,Polyglycolic Acid Suture 3-0 Reverse Cutting,Sutures,SURGICAL_CONSUMABLE,pack
item,Polyglycolic Acid Suture 2-0 Round Body,Sutures,SURGICAL_CONSUMABLE,pack
item,Polyglycolic Acid Suture 2-0 Cutting Needle,Sutures,SURGICAL_CONSUMABLE,pack
item,Polyglycolic Acid Suture 2-0 Reverse Cutting,Sutures,SURGICAL_CONSUMABLE,pack
item,Polyglycolic Acid Suture 0 Round Body,Sutures,SURGICAL_CONSUMABLE,pack
item,Polyglycolic Acid Suture 0 Cutting Needle,Sutures,SURGICAL_CONSUMABLE,pack
item,Polyglycolic Acid Suture 0 Reverse Cutting,Sutures,SURGICAL_CONSUMABLE,pack
item,Polyglycolic Acid Suture 1 Round Body,Sutures,SURGICAL_CONSUMABLE,pack
item,Polyglycolic Acid Suture 1 Cutting Needle,Sutures,SURGICAL_CONSUMABLE,pack
item,Polyglycolic Acid Suture 1 Reverse Cutting,Sutures,SURGICAL_CONSUMABLE,pack
item,Polyglycolic Acid Suture 2 Round Body,Sutures,SURGICAL_CONSUMABLE,pack
item,Polyglycolic Acid Suture 2 Cutting Needle,Sutures,SURGICAL_CONSUMABLE,pack
item,Polyglycolic Acid Suture 2 Reverse Cutting,Sutures,SURGICAL_CONSUMABLE,pack
item,Polyglycolic Acid Suture 3 Round Body,Sutures,SURGICAL_CONSUMABLE,pack
item,Polyglycolic Acid Suture 3 Cutting Needle,Sutures,SURGICAL_CONSUMABLE,pack
item,Polyglycolic Acid Suture 3 Reverse Cutting,Sutures,SURGICAL_CONSUMABLE,pack
item,Polydioxanone Suture 4-0 Round Body,Sutures,SURGICAL_CONSUMABLE,pack
item,Polydioxanone Suture 4-0 Cutting Needle,Sutures,SURGICAL_CONSUMABLE,pack
item,Polydioxanone Suture 4-0 Reverse Cutting,Sutures,SURGICAL_CONSUMABLE,pack
item,Polydioxanone Suture 3-0 Round Body,Sutures,SURGICAL_CONSUMABLE,pack
item,Polydioxanone Suture 3-0 Cutting Needle,Sutures,SURGICAL_CONSUMABLE,pack
item,Polydioxanone Suture 3-0 Reverse Cutting,Sutures,SURGICAL_CONSUMABLE,pack
item,Polydioxanone Suture 2-0 Round Body,Sutures,SURGICAL_CONSUMABLE,pack
item,Polydioxanone Suture 2-0 Cutting Needle,Sutures,SURGICAL_CONSUMABLE,pack
item,Polydioxanone Suture 2-0 Reverse Cutting,Sutures,SURGICAL_CONSUMABLE,pack
item,Polydioxanone Suture 0 Round Body,Sutures,SURGICAL_CONSUMABLE,pack
item,Polydioxanone Suture 0 Cutting Needle,Sutures,SURGICAL_CONSUMABLE,pack
item,Polydioxanone Suture 0 Reverse Cutting,Sutures,SURGICAL_CONSUMABLE,pack
item,Polydioxanone Suture 1 Round Body,Sutures,SURGICAL_CONSUMABLE,pack
item,Polydioxanone Suture 1 Cutting Needle,Sutures,SURGICAL_CONSUMABLE,pack
item,Polydioxanone Suture 1 Reverse Cutting,Sutures,SURGICAL_CONSUMABLE,pack
item,Polydioxanone Suture 2 Round Body,Sutures,SURGICAL_CONSUMABLE,pack
item,Polydioxanone Suture 2 Cutting Needle,Sutures,SURGICAL_CONSUMABLE,pack
item,Polydioxanone Suture 2 Reverse Cutting,Sutures,SURGICAL_CONSUMABLE,pack
item,Polydioxanone Suture 3 Round Body,Sutures,SURGICAL_CONSUMABLE,pack
item,Polydioxanone Suture 3 Cutting Needle,Sutures,SURGICAL_CONSUMABLE,pack
item,Polydioxanone Suture 3 Reverse Cutting,Sutures,SURGICAL_CONSUMABLE,pack
item,Polypropylene Suture 4-0 Round Body,Sutures,SURGICAL_CONSUMABLE,pack
item,Polypropylene Suture 4-0 Cutting Needle,Sutures,SURGICAL_CONSUMABLE,pack
item,Polypropylene Suture 4-0 Reverse Cutting,Sutures,SURGICAL_CONSUMABLE,pack
item,Polypropylene Suture 3-0 Round Body,Sutures,SURGICAL_CONSUMABLE,pack
item,Polypropylene Suture 3-0 Cutting Needle,Sutures,SURGICAL_CONSUMABLE,pack
item,Polyglactin 910 Suture 2-0 Undyed,Sutures,SURGICAL_CONSUMABLE,pack
item,Polyglactin 910 Suture 3-0 Undyed,Sutures,SURGICAL_CONSUMABLE,pack
item,PDS Loop Suture 0,Sutures,SURGICAL_CONSUMABLE,pack
item,PDS Loop Suture 1,Sutures,SURGICAL_CONSUMABLE,pack
item,Polypropylene Mesh Suture 2-0,Sutures,SURGICAL_CONSUMABLE,pack
item,Skin Staple Refill Pack,Sutures,SURGICAL_CONSUMABLE,pack
item,Umbilical Tape Suture,Sutures,SURGICAL_CONSUMABLE,pack
item,Monofilament Nylon Suture 4-0,Sutures,SURGICAL_CONSUMABLE,pack
item,Monofilament Nylon Suture 3-0,Sutures,SURGICAL_CONSUMABLE,pack
item,Monofilament Nylon Suture 2-0,Sutures,SURGICAL_CONSUMABLE,pack
item,Braided Silk Suture 1,Sutures,SURGICAL_CONSUMABLE,pack
item,Braided Silk Suture 2,Sutures,SURGICAL_CONSUMABLE,pack
item,Polyester Braided Suture 2,Sutures,SURGICAL_CONSUMABLE,pack
item,Absorbable Knotless Suture 2-0,Sutures,SURGICAL_CONSUMABLE,pack
item,Non Absorbable Suture 1 Reverse Cutting,Sutures,SURGICAL_CONSUMABLE,pack
item,Tendon Suture Nylon 0,Sutures,SURGICAL_CONSUMABLE,pack
item,Orthopedic Wire Suture 18 Gauge,Sutures,SURGICAL_CONSUMABLE,pack
item,Orthopedic Wire Suture 20 Gauge,Sutures,SURGICAL_CONSUMABLE,pack
item,Ligature Reel Cotton,Sutures,SURGICAL_CONSUMABLE,roll
item,Umbilical Tape Cotton,Sutures,SURGICAL_CONSUMABLE,roll
item,Surgical Blade No. 10 Sterile,Blades,SURGICAL_CONSUMABLE,pcs
item,Surgical Blade No. 10 Carbon Steel,Blades,SURGICAL_CONSUMABLE,pcs
item,Surgical Blade No. 10 Stainless Steel,Blades,SURGICAL_CONSUMABLE,pcs
item,Surgical Blade No. 11 Sterile,Blades,SURGICAL_CONSUMABLE,pcs
item,Surgical Blade No. 11 Carbon Steel,Blades,SURGICAL_CONSUMABLE,pcs
item,Surgical Blade No. 11 Stainless Steel,Blades,SURGICAL_CONSUMABLE,pcs
item,Surgical Blade No. 12 Sterile,Blades,SURGICAL_CONSUMABLE,pcs
item,Surgical Blade No. 12 Carbon Steel,Blades,SURGICAL_CONSUMABLE,pcs
item,Surgical Blade No. 12 Stainless Steel,Blades,SURGICAL_CONSUMABLE,pcs
item,Surgical Blade No. 15 Sterile,Blades,SURGICAL_CONSUMABLE,pcs
item,Surgical Blade No. 15 Carbon Steel,Blades,SURGICAL_CONSUMABLE,pcs
item,Surgical Blade No. 15 Stainless Steel,Blades,SURGICAL_CONSUMABLE,pcs
item,Surgical Blade No. 20 Sterile,Blades,SURGICAL_CONSUMABLE,pcs
item,Surgical Blade No. 20 Carbon Steel,Blades,SURGICAL_CONSUMABLE,pcs
item,Surgical Blade No. 20 Stainless Steel,Blades,SURGICAL_CONSUMABLE,pcs
item,Surgical Blade No. 21 Sterile,Blades,SURGICAL_CONSUMABLE,pcs
item,Surgical Blade No. 21 Carbon Steel,Blades,SURGICAL_CONSUMABLE,pcs
item,Surgical Blade No. 21 Stainless Steel,Blades,SURGICAL_CONSUMABLE,pcs
item,Surgical Blade No. 22 Sterile,Blades,SURGICAL_CONSUMABLE,pcs
item,Surgical Blade No. 22 Carbon Steel,Blades,SURGICAL_CONSUMABLE,pcs
item,Surgical Blade No. 22 Stainless Steel,Blades,SURGICAL_CONSUMABLE,pcs
item,Surgical Blade No. 23 Sterile,Blades,SURGICAL_CONSUMABLE,pcs
item,Surgical Blade No. 23 Carbon Steel,Blades,SURGICAL_CONSUMABLE,pcs
item,Surgical Blade No. 23 Stainless Steel,Blades,SURGICAL_CONSUMABLE,pcs
item,Surgical Blade No. 24 Sterile,Blades,SURGICAL_CONSUMABLE,pcs
item,Surgical Blade No. 24 Carbon Steel,Blades,SURGICAL_CONSUMABLE,pcs
item,Surgical Blade No. 24 Stainless Steel,Blades,SURGICAL_CONSUMABLE,pcs
item,Surgical Blade No. 25 Sterile,Blades,SURGICAL_CONSUMABLE,pcs
item,Surgical Blade No. 25 Carbon Steel,Blades,SURGICAL_CONSUMABLE,pcs
item,Surgical Blade No. 25 Stainless Steel,Blades,SURGICAL_CONSUMABLE,pcs
item,Dermatome Blade Sterile,Blades,SURGICAL_CONSUMABLE,pcs
item,Beaver Blade No. 64,Blades,SURGICAL_CONSUMABLE,pcs
item,Beaver Blade No. 67,Blades,SURGICAL_CONSUMABLE,pcs
item,Micro Blade Straight,Blades,SURGICAL_CONSUMABLE,pcs
item,Micro Blade Angled,Blades,SURGICAL_CONSUMABLE,pcs
item,Suture Removal Blade,Blades,SURGICAL_CONSUMABLE,pcs
item,Autopsy Blade Heavy Duty,Blades,SURGICAL_CONSUMABLE,pcs
item,Orthopedic Saw Blade Sterile,Blades,SURGICAL_CONSUMABLE,pcs
item,Disposable Scalpel No. 10,Blades,SURGICAL_CONSUMABLE,pcs
item,Disposable Scalpel No. 11,Blades,SURGICAL_CONSUMABLE,pcs
item,Disposable Scalpel No. 15,Blades,SURGICAL_CONSUMABLE,pcs
item,Absorbent Cotton Roll 100 g,Gauze,DRESSING_SUPPLY,roll
item,Absorbent Cotton Roll 200 g,Gauze,DRESSING_SUPPLY,roll
item,Absorbent Cotton Roll 400 g,Gauze,DRESSING_SUPPLY,roll
item,Cotton Wool Pleat,Gauze,DRESSING_SUPPLY,pack
item,Sterile Gauze Swab 10 x 10 cm,Gauze,DRESSING_SUPPLY,pack
item,Sterile Gauze Swab 7.5 x 7.5 cm,Gauze,DRESSING_SUPPLY,pack
item,Non Sterile Gauze Swab 10 x 10 cm,Gauze,DRESSING_SUPPLY,pack
item,Non Sterile Gauze Swab 7.5 x 7.5 cm,Gauze,DRESSING_SUPPLY,pack
item,Laparotomy Sponge Small,Gauze,DRESSING_SUPPLY,pack
item,Laparotomy Sponge Medium,Gauze,DRESSING_SUPPLY,pack
item,Laparotomy Sponge Large,Gauze,DRESSING_SUPPLY,pack
item,Gamgee Roll 10 cm,Gauze,DRESSING_SUPPLY,roll
item,Gamgee Roll 15 cm,Gauze,DRESSING_SUPPLY,roll
item,Gamgee Roll 20 cm,Gauze,DRESSING_SUPPLY,roll
item,Crepe Bandage 5 cm,Gauze,DRESSING_SUPPLY,roll
item,Crepe Bandage 7.5 cm,Gauze,DRESSING_SUPPLY,roll
item,Crepe Bandage 10 cm,Gauze,DRESSING_SUPPLY,roll
item,Crepe Bandage 15 cm,Gauze,DRESSING_SUPPLY,roll
item,Elastic Adhesive Bandage 5 cm,Gauze,DRESSING_SUPPLY,roll
item,Elastic Adhesive Bandage 10 cm,Gauze,DRESSING_SUPPLY,roll
item,Cohesive Bandage 5 cm,Gauze,DRESSING_SUPPLY,roll
item,Cohesive Bandage 7.5 cm,Gauze,DRESSING_SUPPLY,roll
item,Cohesive Bandage 10 cm,Gauze,DRESSING_SUPPLY,roll
item,Plaster of Paris Bandage 5 cm,Gauze,DRESSING_SUPPLY,roll
item,Plaster of Paris Bandage 7.5 cm,Gauze,DRESSING_SUPPLY,roll
item,Plaster of Paris Bandage 10 cm,Gauze,DRESSING_SUPPLY,roll
item,Plaster of Paris Bandage 15 cm,Gauze,DRESSING_SUPPLY,roll
item,Fiberglass Casting Tape 5 cm,Gauze,DRESSING_SUPPLY,roll
item,Fiberglass Casting Tape 7.5 cm,Gauze,DRESSING_SUPPLY,roll
item,Fiberglass Casting Tape 10 cm,Gauze,DRESSING_SUPPLY,roll
item,Microporous Tape 1.25 cm,Gauze,DRESSING_SUPPLY,roll
item,Microporous Tape 2.5 cm,Gauze,DRESSING_SUPPLY,roll
item,Microporous Tape 5 cm,Gauze,DRESSING_SUPPLY,roll
item,Zinc Oxide Tape 1.25 cm,Gauze,DRESSING_SUPPLY,roll
item,Zinc Oxide Tape 2.5 cm,Gauze,DRESSING_SUPPLY,roll
item,Zinc Oxide Tape 5 cm,Gauze,DRESSING_SUPPLY,roll
item,Adhesive Plaster Roll 1 cm,Gauze,DRESSING_SUPPLY,roll
item,Adhesive Plaster Roll 2.5 cm,Gauze,DRESSING_SUPPLY,roll
item,Adhesive Plaster Roll 5 cm,Gauze,DRESSING_SUPPLY,roll
item,Non Adherent Dressing Pad Small,Gauze,DRESSING_SUPPLY,pack
item,Non Adherent Dressing Pad Medium,Gauze,DRESSING_SUPPLY,pack
item,Non Adherent Dressing Pad Large,Gauze,DRESSING_SUPPLY,pack
item,Paraffin Gauze Dressing,Gauze,DRESSING_SUPPLY,pack
item,Povidone Iodine Dressing Pad,Gauze,DRESSING_SUPPLY,pack
item,Silver Dressing Pad,Gauze,DRESSING_SUPPLY,pack
item,Calcium Alginate Dressing,Gauze,DRESSING_SUPPLY,pack
item,Hydrocolloid Dressing Small,Gauze,DRESSING_SUPPLY,pack
item,Hydrocolloid Dressing Medium,Gauze,DRESSING_SUPPLY,pack
item,Hydrocolloid Dressing Large,Gauze,DRESSING_SUPPLY,pack
item,Transparent Film Dressing Small,Gauze,DRESSING_SUPPLY,pack
item,Transparent Film Dressing Medium,Gauze,DRESSING_SUPPLY,pack
item,Transparent Film Dressing Large,Gauze,DRESSING_SUPPLY,pack
item,Eye Pad Sterile,Gauze,DRESSING_SUPPLY,pack
item,Triangular Bandage,Gauze,DRESSING_SUPPLY,pcs
item,Tubular Bandage Small,Gauze,DRESSING_SUPPLY,roll
item,Tubular Bandage Medium,Gauze,DRESSING_SUPPLY,roll
item,Tubular Bandage Large,Gauze,DRESSING_SUPPLY,roll
item,Stockinette 5 cm,Gauze,DRESSING_SUPPLY,roll
item,Stockinette 7.5 cm,Gauze,DRESSING_SUPPLY,roll
item,Stockinette 10 cm,Gauze,DRESSING_SUPPLY,roll
item,Abdominal Pad Small,Gauze,DRESSING_SUPPLY,pack
item,Abdominal Pad Medium,Gauze,DRESSING_SUPPLY,pack
item,Abdominal Pad Large,Gauze,DRESSING_SUPPLY,pack
item,Wool Padding Roll 10 cm,Gauze,DRESSING_SUPPLY,roll
item,Wool Padding Roll 15 cm,Gauze,DRESSING_SUPPLY,roll
item,Wool Padding Roll 20 cm,Gauze,DRESSING_SUPPLY,roll
item,Orthopedic Padding 5 cm,Gauze,DRESSING_SUPPLY,roll
item,Orthopedic Padding 7.5 cm,Gauze,DRESSING_SUPPLY,roll
item,Orthopedic Padding 10 cm,Gauze,DRESSING_SUPPLY,roll
item,Cotton Crepe Roll,Gauze,DRESSING_SUPPLY,roll
item,Cotton Bandage 5 cm,Gauze,DRESSING_SUPPLY,roll
item,Cotton Bandage 10 cm,Gauze,DRESSING_SUPPLY,roll
item,Cotton Bandage 15 cm,Gauze,DRESSING_SUPPLY,roll
item,Gauze Roll Sterile 90 cm x 5 m,Gauze,DRESSING_SUPPLY,roll
item,Gauze Roll Non Sterile 90 cm x 5 m,Gauze,DRESSING_SUPPLY,roll
item,Pet Bandage Wrap Small,Gauze,DRESSING_SUPPLY,roll
item,Pet Bandage Wrap Medium,Gauze,DRESSING_SUPPLY,roll
item,Pet Bandage Wrap Large,Gauze,DRESSING_SUPPLY,roll
item,Self Adhesive Wrap Small,Gauze,DRESSING_SUPPLY,roll
item,Self Adhesive Wrap Medium,Gauze,DRESSING_SUPPLY,roll
item,Self Adhesive Wrap Large,Gauze,DRESSING_SUPPLY,roll
item,Tail Bandage Roll,Gauze,DRESSING_SUPPLY,roll
item,Hoof Dressing Pad,Gauze,DRESSING_SUPPLY,pack
item,Nasal Packing Gauze,Gauze,DRESSING_SUPPLY,pack
item,Ribbon Gauze 1 inch,Gauze,DRESSING_SUPPLY,roll
item,Ribbon Gauze 2 inch,Gauze,DRESSING_SUPPLY,roll
item,Ribbon Gauze 3 inch,Gauze,DRESSING_SUPPLY,roll
item,Sterile Cotton Balls,Gauze,DRESSING_SUPPLY,pack
item,Sterile Gauze Balls,Gauze,DRESSING_SUPPLY,pack
item,Cast Padding Roll,Gauze,DRESSING_SUPPLY,roll
item,Adhesive Island Dressing,Gauze,DRESSING_SUPPLY,pack
item,Mayo Hegar Needle Holder 5 inch,Instruments,INSTRUMENT,pcs
item,Mayo Hegar Needle Holder 6 inch,Instruments,INSTRUMENT,pcs
item,Mayo Hegar Needle Holder 8 inch,Instruments,INSTRUMENT,pcs
item,Olsen Hegar Needle Holder 5 inch,Instruments,INSTRUMENT,pcs
item,Olsen Hegar Needle Holder 6.5 inch,Instruments,INSTRUMENT,pcs
item,Olsen Hegar Needle Holder 7.5 inch,Instruments,INSTRUMENT,pcs
item,Crile Wood Needle Holder,Instruments,INSTRUMENT,pcs
item,Webster Needle Holder,Instruments,INSTRUMENT,pcs
item,Halsey Needle Holder,Instruments,INSTRUMENT,pcs
item,Mathieu Needle Holder,Instruments,INSTRUMENT,pcs
item,Mayo Towel Clip,Instruments,INSTRUMENT,pcs
item,Backhaus Towel Clamp,Instruments,INSTRUMENT,pcs
item,Jones Towel Clamp,Instruments,INSTRUMENT,pcs
item,Doyen Intestinal Clamp Straight,Instruments,INSTRUMENT,pcs
item,Doyen Intestinal Clamp Curved,Instruments,INSTRUMENT,pcs
item,Rochester Carmalt Clamp Straight,Instruments,INSTRUMENT,pcs
item,Rochester Carmalt Clamp Curved,Instruments,INSTRUMENT,pcs
item,Kocher Clamp Straight,Instruments,INSTRUMENT,pcs
item,Kocher Clamp Curved,Instruments,INSTRUMENT,pcs
item,Babcock Tissue Clamp,Instruments,INSTRUMENT,pcs
item,Allis Tissue Forceps,Instruments,INSTRUMENT,pcs
item,Lane Tissue Forceps,Instruments,INSTRUMENT,pcs
item,Littlewood Tissue Forceps,Instruments,INSTRUMENT,pcs
item,Bulldog Vascular Clamp,Instruments,INSTRUMENT,pcs
item,Satinsky Vascular Clamp,Instruments,INSTRUMENT,pcs
item,Debakey Vascular Clamp,Instruments,INSTRUMENT,pcs
item,Mayo Retractor,Instruments,INSTRUMENT,pcs
item,Senn Retractor,Instruments,INSTRUMENT,pcs
item,Farabeuf Retractor,Instruments,INSTRUMENT,pcs
item,Volkmann Retractor 3 Prong,Instruments,INSTRUMENT,pcs
item,Volkmann Retractor 4 Prong,Instruments,INSTRUMENT,pcs
item,Gelpi Retractor Small,Instruments,INSTRUMENT,pcs
item,Gelpi Retractor Large,Instruments,INSTRUMENT,pcs
item,Weitlaner Retractor 3 x 4,Instruments,INSTRUMENT,pcs
item,Weitlaner Retractor 4 x 5,Instruments,INSTRUMENT,pcs
item,Balfour Abdominal Retractor,Instruments,INSTRUMENT,pcs
item,Finochietto Rib Retractor,Instruments,INSTRUMENT,pcs
item,Malleable Retractor Small,Instruments,INSTRUMENT,pcs
item,Malleable Retractor Medium,Instruments,INSTRUMENT,pcs
item,Malleable Retractor Large,Instruments,INSTRUMENT,pcs
item,Army Navy Retractor Small,Instruments,INSTRUMENT,pcs
item,Army Navy Retractor Large,Instruments,INSTRUMENT,pcs
item,Langenbeck Retractor Small,Instruments,INSTRUMENT,pcs
item,Langenbeck Retractor Medium,Instruments,INSTRUMENT,pcs
item,Langenbeck Retractor Large,Instruments,INSTRUMENT,pcs
item,Hohmann Retractor Small,Instruments,INSTRUMENT,pcs
item,Hohmann Retractor Medium,Instruments,INSTRUMENT,pcs
item,Hohmann Retractor Large,Instruments,INSTRUMENT,pcs
item,Bone Lever Small,Instruments,INSTRUMENT,pcs
item,Bone Lever Medium,Instruments,INSTRUMENT,pcs
item,Bone Curette Small,Instruments,INSTRUMENT,pcs
item,Bone Curette Medium,Instruments,INSTRUMENT,pcs
item,Bone Curette Large,Instruments,INSTRUMENT,pcs
item,Periosteal Elevator Small,Instruments,INSTRUMENT,pcs
item,Periosteal Elevator Large,Instruments,INSTRUMENT,pcs
item,Freer Periosteal Elevator,Instruments,INSTRUMENT,pcs
item,Key Elevator,Instruments,INSTRUMENT,pcs
item,Adson Elevator,Instruments,INSTRUMENT,pcs
item,Lucae Bayonet Chisel,Instruments,INSTRUMENT,pcs
item,Orthopedic Osteotome 10 mm,Instruments,INSTRUMENT,pcs
item,Orthopedic Osteotome 15 mm,Instruments,INSTRUMENT,pcs
item,Bone Gouge 6 mm,Instruments,INSTRUMENT,pcs
item,Bone Gouge 10 mm,Instruments,INSTRUMENT,pcs
item,Mallet Surgical,Instruments,INSTRUMENT,pcs
item,Wire Twister,Instruments,INSTRUMENT,pcs
item,Wire Cutter Orthopedic,Instruments,INSTRUMENT,pcs
item,Pin Cutter,Instruments,INSTRUMENT,pcs
item,Bone Holding Forceps,Instruments,INSTRUMENT,pcs
item,Reduction Forceps,Instruments,INSTRUMENT,pcs
item,Bone Rongeur Small,Instruments,INSTRUMENT,pcs
item,Bone Rongeur Large,Instruments,INSTRUMENT,pcs
item,Ruskin Rongeur,Instruments,INSTRUMENT,pcs
item,Liston Bone Cutting Forceps,Instruments,INSTRUMENT,pcs
item,Giglisaw Handle,Instruments,INSTRUMENT,pcs
item,Gigli Wire Saw,Instruments,INSTRUMENT,pcs
item,Hand Chuck with Key,Instruments,INSTRUMENT,pcs
item,Steinmann Pin 2 mm,Instruments,INSTRUMENT,pcs
item,Steinmann Pin 3 mm,Instruments,INSTRUMENT,pcs
item,Steinmann Pin 4 mm,Instruments,INSTRUMENT,pcs
item,K Wire 1.2 mm,Instruments,INSTRUMENT,pcs
item,K Wire 1.8 mm,Instruments,INSTRUMENT,pcs
item,K Wire 2.0 mm,Instruments,INSTRUMENT,pcs
item,Bone Drill Manual,Instruments,INSTRUMENT,pcs
item,Bone Tap 2.7 mm,Instruments,INSTRUMENT,pcs
item,Bone Tap 3.5 mm,Instruments,INSTRUMENT,pcs
item,External Fixator Clamp,Instruments,INSTRUMENT,pcs
item,External Fixator Rod,Instruments,INSTRUMENT,pcs
item,Sponge Holding Forceps,Instruments,INSTRUMENT,pcs
item,Uterine Holding Forceps,Instruments,INSTRUMENT,pcs
item,Uterine Vulsellum Forceps,Instruments,INSTRUMENT,pcs
item,Ovum Forceps,Instruments,INSTRUMENT,pcs
item,Aural Speculum Small,Instruments,INSTRUMENT,pcs
item,Aural Speculum Large,Instruments,INSTRUMENT,pcs
item,Vaginal Speculum Small,Instruments,INSTRUMENT,pcs
item,Vaginal Speculum Medium,Instruments,INSTRUMENT,pcs
item,Vaginal Speculum Large,Instruments,INSTRUMENT,pcs
item,Rectal Speculum,Instruments,INSTRUMENT,pcs
item,Mouth Gag Small,Instruments,INSTRUMENT,pcs
item,Mouth Gag Medium,Instruments,INSTRUMENT,pcs
item,Mouth Gag Large,Instruments,INSTRUMENT,pcs
item,Cheek Retractor,Instruments,INSTRUMENT,pcs
item,Tongue Depressor Stainless Steel,Instruments,INSTRUMENT,pcs
item,Dental Mirror Handle,Instruments,INSTRUMENT,pcs
item,Dental Explorer,Instruments,INSTRUMENT,pcs
item,Dental Probe,Instruments,INSTRUMENT,pcs
item,Dental Scaler Sickle,Instruments,INSTRUMENT,pcs
item,Dental Scaler Jacquette,Instruments,INSTRUMENT,pcs
item,Dental Elevator Straight,Instruments,INSTRUMENT,pcs
item,Dental Elevator Curved,Instruments,INSTRUMENT,pcs
item,Extraction Forceps Dental,Instruments,INSTRUMENT,pcs
item,Hoof Trimmer,Instruments,INSTRUMENT,pcs
item,Castration Emasculator,Instruments,INSTRUMENT,pcs
item,Burdizzo Castrator,Instruments,INSTRUMENT,pcs
item,Trocar and Cannula Small,Instruments,INSTRUMENT,pcs
item,Trocar and Cannula Large,Instruments,INSTRUMENT,pcs
item,Aspiration Needle,Instruments,INSTRUMENT,pcs
item,Biopsy Needle Tru Cut,Instruments,INSTRUMENT,pcs
item,Skin Graft Mesher,Instruments,INSTRUMENT,pcs
item,Dermatome Handle,Instruments,INSTRUMENT,pcs
item,Measuring Probe,Instruments,INSTRUMENT,pcs
item,Uterine Dilator,Instruments,INSTRUMENT,pcs
item,Anal Sacculectomy Probe,Instruments,INSTRUMENT,pcs
item,Sinus Forceps,Instruments,INSTRUMENT,pcs
item,Fistula Director,Instruments,INSTRUMENT,pcs
item,Grooved Director,Instruments,INSTRUMENT,pcs
item,Suture Passing Needle,Instruments,INSTRUMENT,pcs
item,Mayo Scissors Straight 5 inch,Scissors,INSTRUMENT,pcs
item,Mayo Scissors Straight 6 inch,Scissors,INSTRUMENT,pcs
item,Mayo Scissors Straight 7 inch,Scissors,INSTRUMENT,pcs
item,Mayo Scissors Curved 5 inch,Scissors,INSTRUMENT,pcs
item,Mayo Scissors Curved 6 inch,Scissors,INSTRUMENT,pcs
item,Mayo Scissors Curved 7 inch,Scissors,INSTRUMENT,pcs
item,Metzenbaum Scissors Straight 5 inch,Scissors,INSTRUMENT,pcs
item,Metzenbaum Scissors Straight 7 inch,Scissors,INSTRUMENT,pcs
item,Metzenbaum Scissors Curved 5 inch,Scissors,INSTRUMENT,pcs
item,Metzenbaum Scissors Curved 7 inch,Scissors,INSTRUMENT,pcs
item,Iris Scissors Straight,Scissors,INSTRUMENT,pcs
item,Iris Scissors Curved,Scissors,INSTRUMENT,pcs
item,Tenotomy Scissors Straight,Scissors,INSTRUMENT,pcs
item,Tenotomy Scissors Curved,Scissors,INSTRUMENT,pcs
item,Spencer Stitch Scissors,Scissors,INSTRUMENT,pcs
item,Littauer Suture Removal Scissors,Scissors,INSTRUMENT,pcs
item,Bandage Scissors Small,Scissors,INSTRUMENT,pcs
item,Bandage Scissors Large,Scissors,INSTRUMENT,pcs
item,Lister Bandage Scissors,Scissors,INSTRUMENT,pcs
item,Operating Scissors Straight,Scissors,INSTRUMENT,pcs
item,Operating Scissors Curved,Scissors,INSTRUMENT,pcs
item,Dissecting Scissors Straight,Scissors,INSTRUMENT,pcs
item,Dissecting Scissors Curved,Scissors,INSTRUMENT,pcs
item,Sharp Blunt Scissors Straight,Scissors,INSTRUMENT,pcs
item,Sharp Blunt Scissors Curved,Scissors,INSTRUMENT,pcs
item,Blunt Blunt Scissors Straight,Scissors,INSTRUMENT,pcs
item,Blunt Blunt Scissors Curved,Scissors,INSTRUMENT,pcs
item,Umbilical Cord Scissors,Scissors,INSTRUMENT,pcs
item,Toenail Scissors,Scissors,INSTRUMENT,pcs
item,Hoof Trimming Scissors,Scissors,INSTRUMENT,pcs
item,Cast Scissors,Scissors,INSTRUMENT,pcs
item,Wire Cutting Scissors,Scissors,INSTRUMENT,pcs
item,Micro Scissors Straight,Scissors,INSTRUMENT,pcs
item,Micro Scissors Curved,Scissors,INSTRUMENT,pcs
item,Vannas Scissors Straight,Scissors,INSTRUMENT,pcs
item,Vannas Scissors Curved,Scissors,INSTRUMENT,pcs
item,Potts Smith Scissors 25 Degree,Scissors,INSTRUMENT,pcs
item,Potts Smith Scissors 45 Degree,Scissors,INSTRUMENT,pcs
item,Potts Smith Scissors 60 Degree,Scissors,INSTRUMENT,pcs
item,Episiotomy Scissors,Scissors,INSTRUMENT,pcs
item,Adson Tissue Forceps Toothed,Forceps,INSTRUMENT,pcs
item,Adson Tissue Forceps Non Toothed,Forceps,INSTRUMENT,pcs
item,Brown Adson Forceps,Forceps,INSTRUMENT,pcs
item,Debakey Tissue Forceps,Forceps,INSTRUMENT,pcs
item,Russian Tissue Forceps,Forceps,INSTRUMENT,pcs
item,Dressing Forceps Plain,Forceps,INSTRUMENT,pcs
item,Dressing Forceps Serrated,Forceps,INSTRUMENT,pcs
item,Thumb Forceps Plain 5 inch,Forceps,INSTRUMENT,pcs
item,Thumb Forceps Plain 6 inch,Forceps,INSTRUMENT,pcs
item,Thumb Forceps Toothed 5 inch,Forceps,INSTRUMENT,pcs
item,Thumb Forceps Toothed 6 inch,Forceps,INSTRUMENT,pcs
item,Splinter Forceps,Forceps,INSTRUMENT,pcs
item,Bayonet Dressing Forceps,Forceps,INSTRUMENT,pcs
item,Bishop Harmon Forceps,Forceps,INSTRUMENT,pcs
item,Gerald Tissue Forceps,Forceps,INSTRUMENT,pcs
item,Bonney Tissue Forceps,Forceps,INSTRUMENT,pcs
item,Ferris Smith Tissue Forceps,Forceps,INSTRUMENT,pcs
item,Semken Dressing Forceps,Forceps,INSTRUMENT,pcs
item,Potts Smith Forceps,Forceps,INSTRUMENT,pcs
item,Alligator Forceps Small,Forceps,INSTRUMENT,pcs
item,Alligator Forceps Large,Forceps,INSTRUMENT,pcs
item,Mosquito Hemostatic Forceps Straight,Forceps,INSTRUMENT,pcs
item,Mosquito Hemostatic Forceps Curved,Forceps,INSTRUMENT,pcs
item,Halsted Mosquito Forceps,Forceps,INSTRUMENT,pcs
item,Kelly Hemostatic Forceps Straight,Forceps,INSTRUMENT,pcs
item,Kelly Hemostatic Forceps Curved,Forceps,INSTRUMENT,pcs
item,Crile Hemostatic Forceps Straight,Forceps,INSTRUMENT,pcs
item,Crile Hemostatic Forceps Curved,Forceps,INSTRUMENT,pcs
item,Rochester Pean Forceps Straight,Forceps,INSTRUMENT,pcs
item,Rochester Pean Forceps Curved,Forceps,INSTRUMENT,pcs
item,Rochester Ochsner Forceps Straight,Forceps,INSTRUMENT,pcs
item,Rochester Ochsner Forceps Curved,Forceps,INSTRUMENT,pcs
item,Hartmann Mosquito Forceps,Forceps,INSTRUMENT,pcs
item,Mixter Right Angle Forceps,Forceps,INSTRUMENT,pcs
item,Lahey Forceps,Forceps,INSTRUMENT,pcs
item,Bozeman Uterine Forceps,Forceps,INSTRUMENT,pcs
item,Foerster Sponge Forceps,Forceps,INSTRUMENT,pcs
item,Magill Forceps,Forceps,INSTRUMENT,pcs
item,Gall Stone Forceps,Forceps,INSTRUMENT,pcs
item,Tonsil Holding Forceps,Forceps,INSTRUMENT,pcs
item,Lanel Tissue Forceps,Forceps,INSTRUMENT,pcs
item,Dressing Forceps 8 inch,Forceps,INSTRUMENT,pcs
item,Dressing Forceps 10 inch,Forceps,INSTRUMENT,pcs
item,Adson Brown Forceps,Forceps,INSTRUMENT,pcs
item,Semb Tissue Forceps,Forceps,INSTRUMENT,pcs
item,Ferris Smith Rongeur Forceps,Forceps,INSTRUMENT,pcs
item,Dissecting Forceps Plain,Forceps,INSTRUMENT,pcs
item,Dissecting Forceps Toothed,Forceps,INSTRUMENT,pcs
item,Ear Dressing Forceps,Forceps,INSTRUMENT,pcs
item,Nasal Dressing Forceps,Forceps,INSTRUMENT,pcs
item,Polyp Forceps,Forceps,INSTRUMENT,pcs
item,Biopsy Forceps Cup Jaw,Forceps,INSTRUMENT,pcs
item,Biopsy Forceps Alligator Jaw,Forceps,INSTRUMENT,pcs
item,Stone Grasping Forceps,Forceps,INSTRUMENT,pcs
item,Retrieval Forceps Flexible,Forceps,INSTRUMENT,pcs
item,Atraumatic Bowel Forceps,Forceps,INSTRUMENT,pcs
item,Babcock Forceps Small,Forceps,INSTRUMENT,pcs
item,Babcock Forceps Large,Forceps,INSTRUMENT,pcs
item,Kocher Tissue Forceps,Forceps,INSTRUMENT,pcs
item,Lane Bone Holding Forceps,Forceps,INSTRUMENT,pcs
item,Verbrugge Bone Holding Forceps,Forceps,INSTRUMENT,pcs
item,Reduction Clamp Forceps,Forceps,INSTRUMENT,pcs
item,Vulsellum Forceps Single Tooth,Forceps,INSTRUMENT,pcs
item,Vulsellum Forceps Double Tooth,Forceps,INSTRUMENT,pcs
item,Green Armytage Forceps,Forceps,INSTRUMENT,pcs
item,Cheatle Forceps,Forceps,INSTRUMENT,pcs
item,Transfer Forceps Sterile,Forceps,INSTRUMENT,pcs
item,Doyen Gall Bladder Forceps,Forceps,INSTRUMENT,pcs
item,Desjardins Gall Stone Forceps,Forceps,INSTRUMENT,pcs
item,Backbiting Forceps,Forceps,INSTRUMENT,pcs
item,OT Table Sheet Reusable,OT Supplies,CLINIC_SUPPLY,pcs
item,OT Trolley Cover,OT Supplies,CLINIC_SUPPLY,pcs
item,Sterile Instrument Wrap,OT Supplies,CLINIC_SUPPLY,pack
item,Autoclave Indicator Tape,OT Supplies,CLINIC_SUPPLY,roll
item,Autoclave Pouch Small,OT Supplies,CLINIC_SUPPLY,pack
item,Autoclave Pouch Medium,OT Supplies,CLINIC_SUPPLY,pack
item,Autoclave Pouch Large,OT Supplies,CLINIC_SUPPLY,pack
item,Sterilization Wrapper Sheet,OT Supplies,CLINIC_SUPPLY,pack
item,Scrub Brush with Povidone Iodine,OT Supplies,CLINIC_SUPPLY,pack
item,Scrub Brush with Chlorhexidine,OT Supplies,CLINIC_SUPPLY,pack
item,Surgical Hand Rub,OT Supplies,CLINIC_SUPPLY,bottle
item,Surface Disinfectant Spray,OT Supplies,CLINIC_SUPPLY,bottle
item,Floor Disinfectant Concentrate,OT Supplies,CLINIC_SUPPLY,bottle
item,Instrument Disinfectant Solution,OT Supplies,CLINIC_SUPPLY,bottle
item,Cidex Activated Solution,OT Supplies,CLINIC_SUPPLY,bottle
item,Glutaraldehyde 2% Solution,OT Supplies,CLINIC_SUPPLY,bottle
item,Formalin Disinfectant,OT Supplies,CLINIC_SUPPLY,bottle
item,Hydrogen Peroxide Solution,OT Supplies,CLINIC_SUPPLY,bottle
item,Alcohol Swab,OT Supplies,CLINIC_SUPPLY,box
item,Isopropyl Alcohol 70%,OT Supplies,CLINIC_SUPPLY,bottle
item,Sterile Saline Wash Bottle,OT Supplies,CLINIC_SUPPLY,bottle
item,Eye Irrigation Bottle,OT Supplies,CLINIC_SUPPLY,bottle
item,Suction Jar,OT Supplies,CLINIC_SUPPLY,pcs
item,Suction Jar Lid,OT Supplies,CLINIC_SUPPLY,pcs
item,Suction Liner Disposable,OT Supplies,CLINIC_SUPPLY,pack
item,Electrocautery Plate Cable,OT Supplies,CLINIC_SUPPLY,pcs
item,ESU Pencil Holster,OT Supplies,CLINIC_SUPPLY,pcs
item,Patient Warming Blanket,OT Supplies,CLINIC_SUPPLY,pcs
item,Heating Pad Veterinary,OT Supplies,CLINIC_SUPPLY,pcs
item,Recovery Blanket,OT Supplies,CLINIC_SUPPLY,pcs
item,Anesthesia Rebreathing Bag 0.5 L,OT Supplies,CLINIC_SUPPLY,pcs
item,Anesthesia Rebreathing Bag 1 L,OT Supplies,CLINIC_SUPPLY,pcs
item,Anesthesia Rebreathing Bag 2 L,OT Supplies,CLINIC_SUPPLY,pcs
item,Oxygen Humidifier Bottle,OT Supplies,CLINIC_SUPPLY,pcs
item,Flowmeter Tube,OT Supplies,CLINIC_SUPPLY,pcs
item,Laryngoscope Handle,OT Supplies,CLINIC_SUPPLY,pcs
item,Laryngoscope Blade Miller 0,OT Supplies,CLINIC_SUPPLY,pcs
item,Laryngoscope Blade Miller 1,OT Supplies,CLINIC_SUPPLY,pcs
item,Laryngoscope Blade Macintosh 2,OT Supplies,CLINIC_SUPPLY,pcs
item,Pulse Oximeter Probe Veterinary,OT Supplies,CLINIC_SUPPLY,pcs
item,ECG Electrode Clip,OT Supplies,CLINIC_SUPPLY,pcs
item,Capnography Sample Line,OT Supplies,CLINIC_SUPPLY,pcs
item,Infusion Pump Set,OT Supplies,CLINIC_SUPPLY,pcs
item,Syringe Pump Syringe Clamp,OT Supplies,CLINIC_SUPPLY,pcs
item,Emergency Crash Cart Seal,OT Supplies,CLINIC_SUPPLY,pack
item,Sharps Container 5 L,OT Supplies,CLINIC_SUPPLY,pcs
item,Sharps Container 10 L,OT Supplies,CLINIC_SUPPLY,pcs
item,Biomedical Waste Bag Yellow,OT Supplies,CLINIC_SUPPLY,pack
item,Biomedical Waste Bag Red,OT Supplies,CLINIC_SUPPLY,pack
item,Biomedical Waste Bag Black,OT Supplies,CLINIC_SUPPLY,pack
item,Biohazard Label Sticker,OT Supplies,CLINIC_SUPPLY,pack
item,Instrument Tray Small,OT Supplies,CLINIC_SUPPLY,pcs
item,Instrument Tray Medium,OT Supplies,CLINIC_SUPPLY,pcs
item,Instrument Tray Large,OT Supplies,CLINIC_SUPPLY,pcs
item,Kidney Tray Stainless Steel,OT Supplies,CLINIC_SUPPLY,pcs
item,Gallipot Stainless Steel,OT Supplies,CLINIC_SUPPLY,pcs
item,Mayo Instrument Stand Cover,OT Supplies,CLINIC_SUPPLY,pack
item,Kick Bucket Cover,OT Supplies,CLINIC_SUPPLY,pack
item,Dressing Drum Small,OT Supplies,CLINIC_SUPPLY,pcs
item,Dressing Drum Large,OT Supplies,CLINIC_SUPPLY,pcs
item,Syringe 1 ml,Disposables,CLINIC_SUPPLY,pcs
item,Syringe 2 ml,Disposables,CLINIC_SUPPLY,pcs
item,Syringe 3 ml,Disposables,CLINIC_SUPPLY,pcs
item,Syringe 5 ml,Disposables,CLINIC_SUPPLY,pcs
item,Syringe 10 ml,Disposables,CLINIC_SUPPLY,pcs
item,Syringe 20 ml,Disposables,CLINIC_SUPPLY,pcs
item,Syringe 50 ml,Disposables,CLINIC_SUPPLY,pcs
item,Insulin Syringe 40 IU,Disposables,CLINIC_SUPPLY,pcs
item,Insulin Syringe 100 IU,Disposables,CLINIC_SUPPLY,pcs
item,Needle 18G,Disposables,CLINIC_SUPPLY,pcs
item,Needle 20G,Disposables,CLINIC_SUPPLY,pcs
item,Needle 21G,Disposables,CLINIC_SUPPLY,pcs
item,Needle 22G,Disposables,CLINIC_SUPPLY,pcs
item,Needle 23G,Disposables,CLINIC_SUPPLY,pcs
item,Needle 24G,Disposables,CLINIC_SUPPLY,pcs
item,Needle 25G,Disposables,CLINIC_SUPPLY,pcs
item,IV Cannula 18G,Disposables,CLINIC_SUPPLY,pcs
item,IV Cannula 20G,Disposables,CLINIC_SUPPLY,pcs
item,IV Cannula 22G,Disposables,CLINIC_SUPPLY,pcs
item,IV Cannula 24G,Disposables,CLINIC_SUPPLY,pcs
item,IV Infusion Set,Disposables,CLINIC_SUPPLY,pcs
item,Blood Transfusion Set,Disposables,CLINIC_SUPPLY,pcs
item,Extension Line,Disposables,CLINIC_SUPPLY,pcs
item,Three Way Stopcock,Disposables,CLINIC_SUPPLY,pcs
item,Scalp Vein Set 21G,Disposables,CLINIC_SUPPLY,pcs
item,Scalp Vein Set 23G,Disposables,CLINIC_SUPPLY,pcs
item,Vacutainer Plain Tube,Disposables,CLINIC_SUPPLY,pcs
item,Vacutainer EDTA Tube,Disposables,CLINIC_SUPPLY,pcs
item,Vacutainer Heparin Tube,Disposables,CLINIC_SUPPLY,pcs
item,Urine Collection Cup Sterile,Disposables,CLINIC_SUPPLY,pcs
item,Fecal Sample Container,Disposables,CLINIC_SUPPLY,pcs
item,Cryovial 2 ml,Disposables,CLINIC_SUPPLY,pcs
item,Microscope Slide Frosted,Disposables,CLINIC_SUPPLY,box
item,Cover Slip 22 x 22 mm,Disposables,CLINIC_SUPPLY,box
item,Sample Transport Swab,Disposables,CLINIC_SUPPLY,pack
item,Sterile Swab Stick,Disposables,CLINIC_SUPPLY,pack
item,Tongue Depressor Disposable,Disposables,CLINIC_SUPPLY,pack
item,Wooden Applicator Stick,Disposables,CLINIC_SUPPLY,pack
item,Urine Bag 500 ml,Disposables,CLINIC_SUPPLY,pcs
item,Urine Bag 1000 ml,Disposables,CLINIC_SUPPLY,pcs
item,Colostomy Bag,Disposables,CLINIC_SUPPLY,pcs
item,Disposable Apron,Disposables,CLINIC_SUPPLY,pack
item,Disposable Bedsheet,Disposables,CLINIC_SUPPLY,pack
item,Disposable Pillow Cover,Disposables,CLINIC_SUPPLY,pack
item,Underpad Disposable,Disposables,CLINIC_SUPPLY,pack
item,Emesis Bag,Disposables,CLINIC_SUPPLY,pcs
item,Kidney Tray Disposable,Disposables,CLINIC_SUPPLY,pack
item,Vomitus Bowl Disposable,Disposables,CLINIC_SUPPLY,pack
item,Pet Recovery Collar Small,Disposables,CLINIC_SUPPLY,pcs
item,Pet Recovery Collar Medium,Disposables,CLINIC_SUPPLY,pcs
item,Pet Recovery Collar Large,Disposables,CLINIC_SUPPLY,pcs
item,Elizabethan Collar Small,Disposables,CLINIC_SUPPLY,pcs
item,Elizabethan Collar Medium,Disposables,CLINIC_SUPPLY,pcs
item,Elizabethan Collar Large,Disposables,CLINIC_SUPPLY,pcs
item,Muzzle Disposable,Disposables,CLINIC_SUPPLY,pcs
item,Feeding Bowl Disposable,Disposables,CLINIC_SUPPLY,pack
item,Water Bowl Disposable,Disposables,CLINIC_SUPPLY,pack
item,Paw Cover Disposable,Disposables,CLINIC_SUPPLY,pack
item,Specimen Bag Biohazard,Disposables,CLINIC_SUPPLY,pack
item,Ice Pack Disposable,Disposables,CLINIC_SUPPLY,pcs
